Hanji,POJ,English,Chinese
"a-lú-mih","a-lú-mih","Aluminum.","鋁、輕銀。源自日語アルミ(arumi)。"
"a-mó͘-ní-á","a-mó͘-ní-á","Ammonia.","阿摩尼亞。源自日語アンモニア(ammonia)。"
"a-ní-khih","a-ní-khih","Big brother (informal).","老兄。源自日語あにき(aneki)，日語漢字為「兄貴」。"
"a-sír-phí-lín","a-sír-phí-lín","Aspirin.","阿斯匹林。源自日語アスピリン(asupirin)。"
"a̍t-sá-lih","a̍t-sá-lih","Frankly.","乾脆、阿莎力。源自日語あっさり(assari)。"
"bai-ó͘-lín","bai-ó͘-lín","Violin.","小提琴。源自日語バイオリン(baiorin)。"
"bak-kuh","bak-kuh","To reverse (a car).","倒車。源自日語バック(bakku)。"
"bat-tah","bat-tah","Batter (in baseball).","球棒。源自日語バッター(battaa)。"
"ba̍t-té-lih","ba̍t-té-lih","Battery.","蓄電池。源自日語バッテリー(batterii)。"
"bi-tá-bín","bi-tá-bín","Vitamin.","維他命、維生素。源自日語ビタミン(bitamin)。"
"biat-to͘h","biat-to͘h","Bed.","彈簧床。源自日語ベット(betto)。"
"bo̍k-sìn-gù","bo̍k-sìn-gù","Boxing.","拳擊。源自日語ボクシング(bokushengu)。"
"bu-là-jià","bu-là-jià","Bra.","胸罩。源自日語ブラジャー(burajaa)。"
"bàn-bà","bàn-bà","Bumper.","保險桿。源自日語バンバー"
"bàng-gà","bàng-gà","Comic.","漫畫、動畫片、卡通。源自日語まんが(manga)，日語漢字為「漫画」。"
"bá-luh","bá-luh","Crowbar.","拔釘子的器具。源自日語バール(baaru)。"
"bá-suh","bá-suh","Bus.","巴士、公共汽車。源自日語バス(basu)。"
"bá-tah","bá-tah","Butter.","奶油。源自日語バター(bataa)。"
"bì-lù","bì-lù","Beer.","啤酒。源自日語ビール(biiru)。"
"bò͘-lù","bò͘-lù","Ball (in baseball).","壞球。源自日語ボール(bo͘ru)。"
"bò͘-tò͘","bò͘-tò͘","Boat.","小船。源自日語ボート(bo͘to)。"
"băi-khín","băi-khín","Bacteria.","黴菌、細菌。源自日語ばいきん(baekin)，日語漢字為「黴菌」。"
"chhiăn-pá-lah","chhiăn-pá-lah","Sword fight play.","兒童模擬武打戲的、日本古裝武打戲。源自日語ちゃんばら(chambara)。"
"chiok-kih","chiok-kih","Vest.","剪刀。源自日語チョッキ(chokki)。"
"chio͘-kó͘-lè-tò͘","chio͘-kó͘-lè-tò͘","Chocolate.","巧克力。源自日語チョコレート(chokoreeto)。"
"chit-puh","chit-puh","Tip (gratuity).","小費。源自日語チップ(chippu)。"
"e-pú-lóng","e-pú-lóng","Apron.","圍裙。源自日語エプロン(epuron)。"
"ga-só͘-lín","ga-só͘-lín","Gasoline.","汽油。源自日語ガソリン(gasorin)。"
"giāng","giāng","Rock-paper-scissors.","猜拳。源自日語じゃんけん(janken)，日語漢字為「じゃん拳」。"
"go͘-lú-huh","go͘-lú-huh","Golf.","高爾夫球。源自日語ゴルフ(gorufu)。"
"gá-lah","gá-lah","Cinder.","焦炭。源自日語がら(gara)。"
"gá-suh","gá-suh","Gas.","瓦斯。源自日語ガス(gasu)。"
"gì-tà","gì-tà","Guitar.","吉他。源自日語ギター(gitaa)。"
"gō͘-bō͘","gō͘-bō͘","Burdock.","牛蒡。源自日語ごぼう(gobo͘)，日語漢字為「牛蒡」。"
"ha-mó͘-ní-khah","ha-mó͘-ní-khah","Harmonica.","口琴。源自日語ハーモニカ(haamoneka)。"
"hi-nó͘-khih","hi-nó͘-khih","Hinoki cypress.","檜木。源自日語ひのき(hinoki)，日語漢字為「檜」。"
"ho͘-lú-bóng","ho͘-lú-bóng","Hormone.","荷爾蒙。源自日語ホルモン(horumon)。"
"ho͘-té-luh","ho͘-té-luh","Hotel.","飯店、旅社。源自日語ホテル(hoteru)。"
"hài-ià","hài-ià","Hired car.","包租汽車、高級轎車。源自日語ハイヤ(haiya)。"
"há-muh","há-muh","Ham.","洋火腿。源自日語ハム(hamu)。"
"hái-kat-lá","hái-kat-lá","High-collar.","西裝頭。源自日語ハイカラ"
"hú-lo͘h","hú-lo͘h","Bath.","浴桶、風呂、洗澡。源自日語ふろ(furo)，日語漢字為「風呂」。"
"hăi-khé-khá-kuh","hăi-khé-khá-kuh","Tuberculosis.","肺結核。源自日語はいけっかく(haekekkaku)，日語漢字為「肺結核」。"
"hăn-tó͘-luh","hăn-tó͘-luh","Handle.","方向盤。源自日語ハンドル(handoru)。"
"hăng-gó͘","hăng-gó͘","Mess tin.","飯盒。源自日語はんごう(hango͘)，日語漢字為「飯盒」。"
"iá-mih","iá-mih","Black market.","黑市。源自日語やみ(yami)，日語漢字為「闇」。"
"ió-bih","ió-bih","Reserve.","預備。源自日語よび(yobi)，日語漢字為「予備」。"
"iú-lih","iú-lih","Lily.","百合花。源自日語ゆり(yuri)，日語漢字為「百合」。"
"iăn-jín","iăn-jín","Engine.","引擎。源自日語エンジン(enjin)。"
"iŏ-káng","iŏ-káng","Sweet bean jelly.","羊羹。源自日語ようかん(yo͘kan)，日語漢字為「羊羹」。"
"ji-lú-bah","ji-lú-bah","Jitterbug (dance).","吉魯巴。源自日語ジルバ(jiruba)。"
"jiak-kuh","jiak-kuh","Zipper.","拉鍊。源自日語チャック(chakku)。"
"jiàn-bà","jiàn-bà","Jumper.","夾克。源自日語ジャンパー(jampaa)。"
"jió-toh","jió-toh","Superior.","上等、高級。源自日語じょうとう(jo͘to͘)，日語漢字為「上等」。"
"kha-báng","kha-báng","Bag.","皮包、文件箱、手提包。源自日語かばん(kaban)，日語漢字為「鞄」。"
"kha-lá-ó͘-khe","kha-lá-ó͘-khe","Karaoke.","卡拉OK。源自日語カラオケ(karaoke)。"
"kha-mé-lah","kha-mé-lah","Camera.","照相機、開麥拉。源自日語カメラ(kamera)。"
"kha-tián","kha-tián","Curtain.","窗簾。源自日語カーテン(kaaten)。"
"kha-tá-lok-guh","kha-tá-lok-guh","Catalog.","目錄。源自日語カタログ(katarogu)。"
"khe-chiap-puh","khe-chiap-puh","Ketchup.","番茄醬。源自日語ケチャップ(kechappu)。"
"khi-mó͘-chih","khi-mó͘-chih","Feeling.","情緒、奇檬子、心情。源自日語きもち(kimochi)，日語漢字為「氣持ち」。"
"khit-teh","khit-teh","Postage stamp.","郵票。源自日語きって(kitte)，日語漢字為「切手」。"
"khiā-hang","khiā-hang","Leggings.","綁腿。源自日語きゃはん(kyahan)，日語漢字為「脚絆」。"
"khiŭ-khé","khiŭ-khé","Rest.","休息、色情幽會、休憩。源自日語きゅうけい(kyuukei)，日語漢字為「休憩」。"
"khok-puh","khok-puh","Cup.","杯子。源自日語コップ(koppu)。"
"kho͘-lé-lah","kho͘-lé-lah","Cholera.","霍亂。源自日語コレラ(korera)。"
"kho͘-mí-sióng","kho͘-mí-sióng","Commission.","賄賂、回扣。源自日語コミッション(komisshon)。"
"khu-lá-chih","khu-lá-chih","Clutch.","離合器、變速器。源自日語クラッチ(kuratchi)。"
"khu-lì-mù","khu-lì-mù","Cream.","面霜、克林姆、奶油。源自日語クリーム(kuriimu)。"
"khà-chiàng","khà-chiàng","Mom.","母親。源自日語かあちゃん(kaachan)，日語漢字為「母ちゃん」。"
"khà-sàng","khà-sàng","Mother.","母親。源自日語かあさん(kaasan)，日語漢字為「母さん」。"
"khí-lo͘h","khí-lo͘h","Kilometer.","公里。源自日語キロ(kiro)。"
"khòng-buh","khòng-buh","Kombu (kelp).","海帶、昆布。源自日語こんぶ(kombu)，日語漢字為「昆布」。"
"khò͘-tò͘","khò͘-tò͘","Coat.","大衣。源自日語コート(ko͘to)。"
"khăn-jió͘","khăn-jió͘","To pay the bill.","付款、算帳、結帳。源自日語かんじょう(kanjo͘)，日語漢字為「勘定」。"
"khăng-páng","khăng-páng","Signboard.","看板、招牌。源自日語かんばん(kampan)，日語漢字為「看板」。"
"khōng-ku-lí","khōng-ku-lí","Concrete.","控固力、混凝土。源自日語コンクリート(konkuriito)。"
"la-jí-o͘h","la-jí-o͘h","Radio.","收音機。源自日語ラジオ(rajio)。"
"la-kiat-to͘h","la-kiat-to͘h","Racket.","球拍。源自日語ラケット(raketto)。"
"la-mú-neh","la-mú-neh","A type of soda.","彈珠汽水。源自日語ラムネ(ramune)。"
"li-á-khah","li-á-khah","A rear car (hand-pulled cart).","自行車後面的兩輪拖車、台車、臺車。源自日語リヤカー(riyakaa)。"
"liăn-táng","liăn-táng","Coal briquette.","煤球。源自日語れんたん(rentan)，日語漢字為「練炭」。"
"lo͘-lài-bà","lo͘-lài-bà","Screwdriver.","螺絲起子。源自日語ドライバー(doraibaa)。"
"lài-tah","lài-tah","Lighter.","打火機。源自日語ライター(raitaa)。"
"lè-sìr","lè-sìr","Lace.","蕾絲花邊。源自日語レース(reesu)。"
"lê-bóng","lê-bóng","Lemon.","檸檬。源自日語レモン(remon)。"
"lìn-gò͘","lìn-gò͘","Apple.","蘋果。源自日語りんご(rengo)，日語漢字為「林檎」。"
"lò͘-suh","lò͘-suh","Loin (meat).","里脊肉。源自日語ロース(ro͘su)。"
"ló͘-lí-á","ló͘-lí-á","Rubber slippers.","橡膠拖鞋。源自日語ぞうり(zo͘ri)，日語漢字為「草履」。"
"lăi-jiò͘-bù","lăi-jiò͘-bù","Alright.","安全、放心、沒問題。源自日語だいじょうぶ(daijo͘bu)，日語漢字為「大丈夫」。"
"lăi-lìn-gù","lăi-lìn-gù","Running shirt.","無袖背心。源自日語ランニング(rannengu)。"
"lĭn-jín","lĭn-jín","Carrot.","紅蘿蔔。源自日語にんじん(ninjin)，日語漢字為「人参」。"
"ma-lá-lí-á","ma-lá-lí-á","Malaria.","瘧疾。源自日語マラリヤ(mararia)。"
"ma-lá-sóng","ma-lá-sóng","Marathon.","馬拉松。源自日語マラソン(marason)。"
"ma-sà-chì","ma-sà-chì","Massage.","馬殺雞、按摩、色情按摩。源自日語マッサージ(massaaji)。"
"me-lí-á","me-lí-á","Plywood.","三夾板。源自日語ベニヤ(beniya)。"
"me-lóng","me-lóng","Melon.","香瓜。源自日語メロン(meron)。"
"mi-sín","mi-sín","Sewing machine.","縫紉機、裁縫車。源自日語ミシン(mishin)。"
"mài-kù","mài-kù","Microphone.","麥克風。源自日語マイク(maeku)。"
"mè-sì","mè-sì","Business card.","名片。源自日語めいし(meishi)，日語漢字為「名刺」。"
"mí-so͘h","mí-so͘h","Miso.","味噌。源自日語みそ(miso)，日語漢字為「味噌」。"
"mò͘-tà","mò͘-tà","Motor.","馬達。源自日語モーター(mo͘taa)。"
"ne-kut-tái","ne-kut-tái","Necktie.","領帶。源自日語ネクタイ(nekutai)。"
"nè-chiàng","nè-chiàng","Waitress.","女中、飯店或旅館的女服務員。源自日語ねえちゃん(neechan)，日語漢字為「姉ちゃん」。"
"nó͘-lih","nó͘-lih","Nori (seaweed).","海苔。源自日語のり(nori)，日語漢字為「海苔」。"
"năi-lóng","năi-lóng","Nylon.","耐龍、尼龍。源自日語ナイロン(nairon)。"
"nŏ͘-sín","nŏ͘-sín","Brain concussion.","腦筋不正常。源自日語のうしんとう(no͘sinto͘)，日語漢字為「腦震盪」。"
"oa-khá-mó͘-to͘h","oa-khá-mó͘-to͘h","A brand of health supplement.","一種保健藥品。源自日語わかもと(wakamoto)。"
"oa-lù-chuh","oa-lù-chuh","Waltz (dance).","華爾茲。源自日語ワルツ(waruchu)。"
"oa-sá-bih","oa-sá-bih","Wasabi.","芥末、山葵醬。源自日語わさび(wasabi)，日語漢字為「山葵」。"
"oăi-siat-chuh","oăi-siat-chuh","White shirt.","白襯衫。源自日語ワイシャツ(waishachu)。"
"o͘-bá-sáng","o͘-bá-sáng","Auntie.","對不特定年長女性的稱呼、歐巴桑。源自日語おばさん(obasan)。"
"o͘-jí-sáng","o͘-jí-sáng","Uncle.","歐吉桑、對不特定年長男性的稱呼。源自日語おじさん(ojisan)，日語漢字為「小父さん」。"
"o͘-lián","o͘-lián","Oden (a Japanese dish).","黑輪。源自日語おでん(oden)，日語漢字為「お田」。"
"o͘-lín-gió͘","o͘-lín-gió͘","Doll.","洋娃娃、人偶。源自日語おにんぎょう(onengyo͘)，日語漢字為「人形、お人形」。"
"o͘-nè-sàng","o͘-nè-sàng","Elder sister.","大姐。源自日語おねえさん(oneesan)，日語漢字為「お姉さん」。"
"o͘-tó͘-bái","o͘-tó͘-bái","Motorcycle.","摩托車、機車。源自日語オートバイ(o͘tobai)。"
"pha-chìn-kò͘","pha-chìn-kò͘","Pachinko.","柏青哥。源自日語パチンコ(pachinko)。"
"phi-á-no͘h","phi-á-no͘h","Piano.","鋼琴。源自日語ピアノ(piano)。"
"phiàn-chih","phiàn-chih","Pliers.","鐵鉗。源自日語ペンチ(penchi)。"
"phu-ló͘-phé-lá","phu-ló͘-phé-lá","Propeller.","螺旋槳。源自日語プロペラ(puropera)。"
"phàng-kù","phàng-kù","Puncture.","爆胎。源自日語パンク(panku)。"
"pháng","pháng","Bread.","麵包。源自日語パン(pan)。"
"phòng-phù","phòng-phù","Pump.","幫浦、手動抽水機。源自日語ポンプ(pompu)。"
"phă-siàn-tò͘","phă-siàn-tò͘","Percent.","百分率、百分比。源自日語パーセント(paasento)。"
"phĭn-phóng","phĭn-phóng","Ping-pong.","桌球、乒乓球。源自日語ピンポン(pinpon)。"
"pu-lù-sù","pu-lù-sù","Blues (music).","布魯司。源自日語ブルース(buruusu)。"
"sa-khá-lí-bah","sa-khá-lí-bah","A bustling place.","鬧市、沙卡哩巴。源自日語さかりば(sakariba)，日語漢字為「盛リ場」。"
"sa-khú-lah","sa-khú-lah","Cherry blossom.","櫻花。源自日語さくら(sakura)，日語漢字為「櫻」。"
"sa-sí-mih","sa-sí-mih","Sashimi.","生魚片。源自日語さしみ(sashimi)，日語漢字為「刺身」。"
"sak-khuh","sak-khuh","Condom.","保險套。源自日語サック(sakku)。"
"se-bí-lo͘h","se-bí-lo͘h","A suit (Western-style).","西裝。源自日語せびろ(sebiro)，日語漢字為「背広」。"
"si-á-geh","si-á-geh","Finishing touch.","潤飾、修飾。源自日語しあげ(shiage)，日語漢字為「仕上げ」。"
"sia-sín","sia-sín","Photograph.","照片。源自日語しゃしん(shashin)，日語漢字為「寫真」。"
"siat-chuh","siat-chuh","Shirt.","襯衫。源自日語シャツ(shachu)。"
"siat-to͘h","siat-to͘h","To set (hair).","做頭髮、造型。源自日語セット(setto)。"
"sio̍k-pháng","sio̍k-pháng","Toast.","吐司、白麵包。源自日語しょくパン(shokupan)，日語漢字為「食パン」。"
"sir-bé-lí-lái","sir-bé-lí-lái","Slide (playground).","溜滑梯。源自日語すベりだい(suberidai)，日語漢字為「滑り台」。"
"sir-tián-lè-sù","sir-tián-lè-sù","Stainless steel.","不鏽鋼。源自日語ステンレス(sutenresu)。"
"si̍p-pán-ná","si̍p-pán-ná","Spanner.","板手。源自日語スパナ(supana)。"
"su-khù-tà","su-khù-tà","Scooter.","速可達、50cc輕型機車。源自日語スクーター(sukuutaa)。"
"su-lit-pah","su-lit-pah","Slippers.","拖鞋。源自日語スリッパ(surippa)。"
"su-tó-lip-puh","su-tó-lip-puh","Striptease.","脫衣舞。源自日語ストリップ(sutorippu)。"
"sài-sù","sài-sù","Size.","尺寸。源自日語サイズ(saizu)。"
"sàn-bah","sàn-bah","Pacific saury (fish).","秋刀魚。源自日語さんま(sanma)，日語漢字為「秋刀魚」。"
"sè-hù","sè-hù","Safe (in baseball).","安全。源自日語セーフ(seehu)。"
"sò͘-sù","sò͘-sù","Sauce.","烏醋、醬料。源自日語ソース(so͘su)。"
"sú-sih","sú-sih","Sushi.","壽司。源自日語すし(sushi)，日語漢字為「寿司」。"
"să-bì-sù","să-bì-sù","Service.","優惠、額外優待。源自日語サービス(saabisu)。"
"săm-phú-luh","săm-phú-luh","Sample.","樣本、樣品。源自日語サンプル(sampuru)。"
"tha-khú-sih","tha-khú-sih","Taxi.","計程車。源自日語タクシー(takushii)。"
"tha-khú-áng","tha-khú-áng","Pickled radish.","黃蘿蔔、黃色的醃漬蘿蔔。源自日語たくあん(takoan)，日語漢字為「沢庵」。"
"tha-thá-mih","tha-thá-mih","Tatami mat.","疊蓆、塌塌米。源自日語たたみ(tatami)，日語漢字為「疊」。"
"thak-kho͘h","thak-kho͘h","Octopus.","章魚。源自日語たこ(tako)，日語漢字為「蛸、章魚」。"
"that-bí","that-bí","A type of work shoe.","一種工作鞋。源自日語たび(tabi)，日語漢字為「足袋」。"
"the-ní-suh","the-ní-suh","Tennis.","網球。源自日語テニス(tenisu)。"
"thiăn-pú-lah","thiăn-pú-lah","Tempura.","甜不辣。源自日語テンプラ(tempura)，日語漢字為「天麩羅」。"
"tho͘-lá-khuh","tho͘-lá-khuh","Truck.","卡車。源自日語トラック(torakku)。"
"tho͘-má-to͘h","tho͘-má-to͘h","Tomato.","番茄、西紅柿。源自日語トマト(tomato)。"
"thài-ià","thài-ià","Tire.","輪胎。源自日語タイヤ(taiya)。"
"thài-lù","thài-lù","Tile.","瓷磚。源自日語タイル(tairu)。"
"thàn-gò͘","thàn-gò͘","Tango (dance).","探戈。源自日語タンゴ(tango)。"
"thàng-sù","thàng-sù","Wardrobe.","衣櫥。源自日語たんす(tansu)，日語漢字為「簞笥」。"
"tò͘-sàng","tò͘-sàng","Father.","多桑、父親。源自日語とうさん(to͘san)，日語漢字為「父さん」。"
"u-lóng","u-lóng","Udon noodles.","烏龍麵。源自日語うどん(udon)，日語漢字為「饂飩」。"
"àn-nāi","àn-nāi","To guide.","招待、引導。源自日語あんない(annai)，日語漢字為「案內」。"
"àu-chuh","àu-chuh","Out (in baseball).","出局。源自日語アウト(auto)。"
"á-geh","á-geh","Fried tofu.","阿給、油豆腐。源自日語あげ(age)，日語漢字為「揚げ」。"
"ò͘-bà","ò͘-bà","Overcoat.","長大衣、長外套。源自日語オーバーコート"
"ùn-chiàng","ùn-chiàng","Driver.","司機、運將。源自日語うんちゃん(unchan)，日語漢字為「運ちゃん」。"
"ăi-sat-chuh","ăi-sat-chuh","Greeting.","打招呼、問候。源自日語あいさつ(aisachu)，日語漢字為「挨拶」。"
"ăi-sīr-khu-lìn-mù","ăi-sīr-khu-lìn-mù","Ice cream.","冰淇淋。源自日語アイスクリーム(aisukuriimu)。"
"一下","chi̍t-ē","For a moment.","動詞後綴。表示極短的時間或是短時間的動作。"
"一世人","chi̍t-sì-lâng","A lifetime.","一輩子。"
"一來","it--lâi","Firstly.","首先。"
"一刀兩斷","it-to-lióng-toān","To make a clean break.","一刀斬成兩段，比喻斷絕關係。"
"一半","chi̍t-pòaⁿ","One half.","二分之一。"
"一半个仔","chi̍t-pòaⁿ-ê-á","A few.","幾個、一兩個、少數幾個。"
"一半日仔","chi̍t-pòaⁿ-ji̍t-á/chi̍t-pòaⁿ-li̍t-á","A day or two.","一兩天。"
"一四界","chi̍t-sì-kè/chi̍t-sì-kòe","Everywhere.","遍地、到處。"
"一垺屎","chi̍t-pû-sái","A pile of feces.","一坨屎、一坨大便。"
"一定","it-tēng","Certainly.","必定、必然。"
"一家伙仔","chi̍t-ke-hóe-á/chi̍t-ke-hé-á","The whole family.","一家子。全家人、同一家人。"
"一寡","--chi̍t-kóa","Some.","一些、少許，也可以單說「寡」(--kóa)。"
"一寡仔","chi̍t-kóa-á","A tiny bit.","一點點、一些些。"
"一對時","chi̍t tùi-sî","One day and night (24 hours).","一晝夜、二十四小時。"
"一屑仔","chi̍t-sut-á","A tiny bit.","一點點。形容體積很小或數量很少。"
"一律","it-lu̍t","All the same.","全部都一樣。"
"一日到暗","chi̍t-ji̍t-kàu-àm/chi̍t-li̍t-kàu-àm","All day long.","一天到晚、從早到晚，整天。"
"一旦","it-tàn","If one day.","假使有一天。"
"一月日","chi̍t goe̍h-ji̍t/chi̍t ge̍h-li̍t","One month.","一個月。"
"一概","it-khài","Entirely.","一律、完全。"
"一生","it-seng","A lifetime.","畢生、一輩子。"
"一甲子","chi̍t kah-chí","Sixty years.","六十年。由十二天干數和十地支數配合而形成的傳統計算年歲的方法，以六十年為一個輪迴。"
"一百空一","chi̍t-pah khòng-it","One hundred and one.","一百零一。"
"一目𥍉仔","chi̍t-ba̍k-nih-á","In an instant.","一瞬間、一眨眼。指很短暫的時間。"
"一直","it-ti̍t","Straight ahead.","朝同一個方向直行而去。"
"一睏仔","chi̍t-khùn-á","A little while.","一陣子、一會兒。"
"一礐屎","chi̍t-ha̍k-sái","A cesspool of feces.","一糞坑的大便。"
"一粒一","it-lia̍p-it","Top-notch.","最好的、第一流的。"
"一致","it-tì","Identical.","趨向相同。"
"一般","it-poaⁿ","General.","普遍性的、平常的。"
"一觸久仔","chi̍t-tak-kú-á","A moment.","一會兒、一下子。"
"一路","chi̍t-lō͘","Along the way.","沿途、路上。"
"一霎仔久","chi̍t-tiap-á-kú","In a flash.","一瞬間、一下子。形容很短的時間。"
"一面","chi̍t-bīn","One-sided.","片面的，單方面的。"
"一點仔","chi̍t-tiám-á","A tiny bit.","一點兒、一 點點。形容數量極少。"
"七夕","chhit-sia̍h","The 7th day of the 7th lunar month.","農曆七月初七夜晚。相傳天上的牛郎、織女會在當晚相會。對臺灣人來說，七月初七是「七娘媽生」(Chhit-niû-má-seⁿ)，臺南還有「做十六歲」(chò cha̍p-la̍k hòe)的習俗。"
"七娘媽","Chhit-niû-má","A goddess who protects children.","註生娘娘或是織女。女性神明，生日為農曆七月初七，當天會用油飯、花朵、胭脂水粉祭祀。"
"七娘媽生","Chhit-niû-má-seⁿ/Chhit-niû-má-siⁿ","The 7th day of the 7th lunar month (goddess's birthday).","農曆七月初七。七星娘娘誕辰。「七娘媽」就是七星娘娘，傳說是孩童的保護神。以前農業社會醫藥不發達，孩子常夭折或生病，所以人們會祈求「七娘媽」保佑小孩平安長大，因此等到孩童十六歲(舊時十六歲即成年)七月初七當天，便舉行祭祀以酬謝「七娘媽」。"
"七孔","chhit-khóng","The seven facial orifices.","七竅。指人臉部的七個孔穴，包括兩眼、兩耳、兩鼻孔和嘴巴。"
"七字仔","chhit-jī-á/chhit-lī-á","A seven-character verse.","七字調。歌仔戲使用率非常高的一種調，七個字為一句，每段有四句。"
"七早八早","chhit-chá-peh-chá/chhit-chá-poeh-chá","Very early in the morning.","一大清早。"
"七星","chhit-chheⁿ/chhit-chhiⁿ","The Big Dipper.","北斗星、北斗七星。星座名。由七顆星組合、排列在北方天空的星象，形狀像斗杓。是中國數術、宗教儀式中重要的星象，在西方星象學上屬於大熊星座。"
"七爺","Chhit-iâ","Seventh Lord (a deity).","神明的名稱。名字為謝必安，身材高大，和八爺范無救為好友，因為守信守義而死，死後被封入神界，是城隍爺出巡時的重要配祀神明。"
"七老八老","chhit-lāu-peh-lāu/chhit-lāu-poeh-lāu","Very old.","七老八十。形容年紀很老。"
"丈人","tiūⁿ-lâng","Father-in-law.","岳父。稱謂。男子稱妻子的父親。"
"丈人公","tiūⁿ-lâng-kong","Wife's grandfather.","稱謂。男性稱呼妻子的爺爺或外公。"
"丈人媽","tiūⁿ-lâng-má","Wife's grandmother.","稱謂。男性稱呼妻子的奶奶或外婆。"
"丈人爸","tiūⁿ-lâng-pâ","Father-in-law.","岳父。稱謂，男性稱呼妻子的父親。"
"丈公","tiūⁿ-kong","Husband of a grandaunt.","姑公、姨公。稱謂。稱呼姑婆或姨婆的先生。"
"丈姆","tiūⁿ-ḿ","Mother-in-law.","丈母娘、岳母。稱謂。男子稱妻子的母親。"
"丈姆婆","tiūⁿ-ḿ-pô","Mother-in-law.","丈母娘、岳母。稱謂。男子稱妻子的母親。"
"三七仔","sam-chhit-á","Pimp.","皮條客。為男女雙方媒介色情，拉攏不正當關係的牽合者。因為與妓女三七分帳，才有此稱呼。"
"三不五時","sam-put-gō͘-sî","Often.","不時、經常。"
"三八","sam-pat","Silly.","傻氣、不正經。形容女性有點傻氣、粗野或言行舉止違悖常理、不正經。"
"三八氣","sam-pat-khùi","Silliness.","傻氣、不正經。形容女性有點傻氣、粗野或言行舉止違悖常理、不正經。"
"三太子","Sam-thài-chú","The Third Prince (a deity).","即李哪吒，是封神榜中的人物之一。民間信仰中又稱為「三太子爺」、「中壇元帥」等，道教將其奉為五營神兵神將的統帥之一，道士施法時皆會請哪吒相助。"
"三層","sam-chân","Pork belly.","五花肉。指肥瘦夾雜的豬肉。"
"三層肉","sam-chân-bah","Pork belly.","五花肉。指肥瘦夾雜的豬肉。"
"三山國王","Sam-san-kok-ông","Three Mountain Kings (deities).","在臺灣各地都有祭祀的廟宇，香火鼎盛，是客家族群和潮州人的守護神。"
"三心兩意","sam-sim-lióng-ì","Indecisive.","形容猶豫不決，意志不堅。"
"三思","sàm-su","To think thrice.","謹慎、仔細的考慮。"
"三文魚","sam-bûn-hî/sam-bûn-hû","Salmon.","指鮭魚。過去常用來製成罐頭。借自英語salmon。"
"三更","saⁿ-keⁿ/saⁿ-kiⁿ","The third watch of the night (11 PM - 1 AM).","子時、中夜。指夜間十一時至隔天凌晨一時。"
"三更半暝","saⁿ-keⁿ-pòaⁿ-mê/saⁿ-kiⁿ-pòaⁿ-mî","In the middle of the night.","三更半夜；深夜。"
"三牲","sam-seng","Three kinds of sacrificial animals.","本指牛、羊、豬等三種祭品。今則多指雞、魚、豬等三種祭品。"
"三界公","Sam-kài-kong","The Three Great Emperor-Officials (deities).","三官大帝、三界爺。道教中地位僅次於玉皇大帝的天、地、水三官，分別掌管賜福、赦罪、解厄。"
"三界娘仔","sam-kài-niû-á","A type of small fish.","將魚、食蚊魚。魚名。是臺灣瀕臨絕種魚類之一，類似大肚魚，大多生長在清水溝及稻田內，可以食用。"
"三絃","sam-hiân","A three-stringed musical instrument.","樂器名。有三根絃的彈撥樂器，音色非常清脆，分為大三絃和小三絃，構造都相同，是說唱音樂和各種地方戲曲中的重要樂器。"
"三線路","sam-sòaⁿ-lō͘","A three-lane road.","日治時期將臺北府城拆除，興建由安全島分隔成3個分隔道的道路，約如今日之中山南路、愛國西路、中華路、忠孝西路。也指由樹木安全島分隔成的三線大道。"
"三肢手","saⁿ-ki-chhiú","Pickpocket.","扒手、三隻手。專門在公共場所偷取人家財物的小偷。"
"三角","saⁿ-kak","Triangle.","三角形。"
"三角窗","saⁿ-kak-thang","A corner house.","位於路口轉角處的房子。"
"三角褲","saⁿ-kak-khò͘","Briefs (underwear).","一種三角樣式的貼身內褲。"
"三跤貓","saⁿ-kha-niau","A jack of all trades, master of none.","三腳貓。形容技藝不精、不中用的人。"
"三跤馬","saⁿ-kha-bé","Tripod.","三腳架、三角架。用來安放、架設照相機及測量儀器的器具。有三個支柱的架子。"
"三輪車","saⁿ-lián-chhia","Tricycle.","車子的一種，前為一輪，後為兩輪的車子，可用來作交通工具，或是小孩的遊戲車。"
"三長兩短","saⁿ-tn̂g-nn̄g-té","Unexpected misfortune (often death).","指意外不測、變故，多指死亡。"
"三除四扣","saⁿ-tû-sì-khàu","With many deductions.","東扣西扣。指扣除的項目很多。"
"三頓","saⁿ tǹg","Three meals.","三餐。"
"上久","siōng-kú","The longest.","最久。"
"上任","chiūⁿ-jīm/chiūⁿ-līm","To take office.","就職。擔任職務。"
"上元","Siōng-goân","The Lantern Festival.","元宵節、上元節。我國傳統民俗節日之一。農曆正月十五日為天官大帝誕辰，清晨會祭拜三界公。"
"上元暝","Siōng-goân-mê/Siōng-goân-mî","The Lantern Festival night.","元宵節、上元節。我國傳統民俗節日之一。農曆正月十五日為天官大帝誕辰，清晨會祭拜三界公。"
"上加","siōng-ke","At most.","最多、頂多。"
"上北","chiūⁿ-pak","To go north.","北上。臺灣地理的觀念上，以北為上，南為下，所以向北出發即是「上北」。"
"上午","siōng-ngó͘","Morning.","清晨到中午之間。"
"上卌袂攝","chiūⁿ-siap-bē-liap/chiūⁿ-siap-bōe-liap","A saying about middle-age decline.","卌為四十的意思，上卌表示人到中年的意思。這句話表示人到中年萬事休，生理機能走下坡，心理也逐漸失去青年時期意氣風發的理想。"
"上天","siōng-thian","Heaven.","上蒼。對具有無窮力量的天或是天上神明的總稱。"
"上好","siōng hó","The best.","最好、最佳的表現。"
"上尺工","siāng-chhe-kong","Musical notes in the Gongche notation.","標示在工尺譜上的音階名。「上」表示首調唱名法中的Do，「尺」表示首調唱名法中的Re，「工」表示首調唱名法中的Mi。"
"上山","chiūⁿ-soaⁿ","To go up a mountain.","登山、爬山。"
"上崎","chiūⁿ-kiā","To go uphill.","上坡。"
"上市","chiūⁿ-chhī","To be listed on the market.","物品、股票等開始在市場上發售或買賣。"
"上帝","Siōng-tè","God.","傳說中創造萬物的神祇。"
"上帝公","Siōng-tè-kong","A supreme deity (Xuantian Shangdi).","玄天上帝、北極玄天上帝。又稱玄武文帝，腳踏龜蛇，右手執劍，左手印訣，民間俗傳玄天上帝生前以殺豬、販賣豬肉維生，後來放下屠刀，立地成佛。"
"上手","chiūⁿ-chhiú","To get the hang of it.","對技術或工作已掌握熟練，駕馭自如。"
"上桌","chiūⁿ-toh","To be seated at a banquet.","指客人赴宴就席。"
"上殕","chhiūⁿ-phú","To get moldy.","發霉。"
"上水","chhiūⁿ-chúi","To draw water from a well.","從水井裡取水上來。"
"上濟","siōng chē/siōng chōe","The most.","最多。指數量上的多寡。"
"上目","chiūⁿ-ba̍k","To look up to.","瞧得起；看得上眼。"
"上等","siōng-téng","Top grade.","最高等級或最優異的品等。"
"上緊","siōng kín","The fastest.","最快。"
"上聲","sióng-siaⁿ","The rising tone (in Chinese phonology).","漢語的調類之一。在現代國音音系中為第三聲，注音符號用「ˇ」來表示。臺羅音標系統中，調號為「2」的字音就是上聲調。"
"上蓋","siōng-kài","Extremely.","非常、最。"
"上訴","siōng-sò͘","To appeal (a legal case).","原意是指向神明、官府、上級陳述。現在多指法律上不服下級法院的判決，轉而向上一級法院提出訴訟，請求改判。"
"上課","siōng-khò","To teach a class.","授課、教課。老師教導學生。"
"上青苔","chhiūⁿ-chheⁿ-thî/chhiūⁿ-chhiⁿ-thî","To grow moss.","長青苔。"
"上頭仔","siōng-thâu-á","The very beginning.","最初、最前頭。"
"下元","Hā-goân","The 15th day of the 10th lunar month festival.","下元節。傳統民俗節日之一。農曆十月十五日為三官大帝的誕辰，通常在十月十四日晚間十一點開始祭拜，主要供品為甜湯圓、「麻粩」(môa-láu)、「米粩」(bí-láu)。"
"下勻","ē-ûn","Younger generation.","後輩、晚輩。"
"下午","hā-ngó͘","Afternoon.","中午過後的時間，指中午十二點到黃昏前的一段時間。"
"下半暝","ē-pòaⁿ-mê/ē-pòaⁿ-mî","The second half of the night.","下半夜、後半夜。夜晚十二點以後到天亮的時間。"
"下司","ē-si","Subordinate.","下屬、手下。"
"下山","hā-san","To leave a place of spiritual practice.","常用在戲曲的對白，指修行人要離開修行的地點。"
"下底","ē-té/ē-tóe","Below.","下面、底下。與「頂面」(téng-bīn)相對。"
"下性命","hē-sèⁿ-miā/hē-sìⁿ-miā","To risk one's life.","拚命。豁出性命，全力以赴。"
"下手","hē-chhiú","To start doing something.","動手去做。"
"下手","ē-chhiú","Buyer.","商業活動中買進貨物的人。"
"下擺","ē-pái","Next time.","下次、下回。"
"下早仔","e-chái-á","Morning.","早上。"
"下昏","e-hng","Evening.","晚上。"
"下昏暗","e-hng-àm","Tonight.","今晚、今天晚上。"
"下晝","ē-tàu","Afternoon.","下午。"
"下晡","ē-po͘","Afternoon.","下午。"
"下暗","e-àm","Tonight.","晚上、今晚。"
"下本","hē-pún","To invest capital.","投入本錢。"
"下水","hā-súi","Giblets.","內臟。雞、鴨等禽類動物的內臟。"
"下水湯","hā-súi-thng","Giblet soup.","用雞、鴨等禽類動物的內臟及佐料所做成的湯品。"
"下港","ē-káng","Southern Taiwan.","指臺灣南部地方。"
"下痟","hā-siau","A type of diabetes (TCM).","傳統中醫對消渴症的三種辨證法之一，又稱「腎消」，症狀為多尿且傷腎水。"
"下落","hē-lo̍h","Whereabouts.","去向、去處。"
"下跤","ē-kha","Below.","下面、底下。"
"下跤手人","ē-kha-chhiú-lâng","Subordinate.","手下、下屬。從事打雜工作的部屬。"
"下輩","ē-pòe","Younger generation.","晚輩、後輩。子姪輩或是輩分較低的人。"
"下頦","ē-hâi","Chin.","下巴。臉部嘴脣以下的部位。"
"下顎","ē-kok","Jaw.","下巴。一般稱「下巴」為「下頦」(ē-hâi)，「下顎」多在面相當中使用。"
"下願","hē-goān","To make a vow.","發願、許願。"
"下𦜆","ē-ham","Chin.","下巴、下顎。"
"不三不四","put-sam-put-sù","Improper.","不正經、不像樣、不倫不類。"
"不中用","put-tiòng-iōng","Not useful.","東西不合用、不好使用。"
"不仁","put-jîn/put-lîn","Unkind.","不厚道、不仁慈，沒有慈愛之心。"
"不但","put-tān","Not only.","不只。表示前一句話尚未完結，還有承接下面的語意。"
"不動產","put-tōng-sán","Real estate.","泛指土地及附著於土地上的定著物和改良物。"
"不孝","put-hàu","Unfilial.","對長輩不孝順。"
"不得了","put-tek-liáu","Terrible.","了不得。形容狀況嚴重。"
"不得已","put-tek-í","To have no alternative.","無可奈何、不得不如此。"
"不才","put-châi","I (humble).","第一人稱的自謙之詞。也就是「我」的意思。"
"不敢當","put-kám-tong","I don't deserve it (humble).","謙讓之詞，表示承受不起、不敢接受。"
"不時","put-sî","Frequently.","隨時、經常。無論什麼時候。"
"不服","put-ho̍k","Unconvinced.","心裡不服氣、不甘心。"
"不止","put-chí","More than.","超出某一特定的範圍或數目。"
"不止仔","put-chí-á","Extremely.","非常、相當的意思。"
"不死鬼","put-sú-kúi","A lecherous man.","形容男性好色，不要臉。"
"不求人","put-kiû-jîn/put-kiû-lîn","A back scratcher.","如意。搔癢的器具，又叫做「孫仔手」(sun-á-chhiú)、「阿孫手」(a-sun-chhiú)。"
"不法","put-hoat","Illegal.","不守法、違法。違反法律的意圖或者行為。"
"不滿","put-boán","Dissatisfied.","不符合心意。"
"不答不七","put-tap-put-chhit","Improper.","不三不四、不像樣。"
"不管時","put-koán-sî","Anytime.","隨時、任何時候。"
"不義","put-gī","Injustice.","不合道德的行為。"
"不而過","put-jî-kò/put-lî-kò","But.","但是、不過。"
"丑仔","thiú-á","A comical role.","滑稽的腳色。"
"中人","tiong-lâng","Mediator.","居中為人介紹或作證之人。"
"中傷","tiòng-siong","To slander.","惡意攻擊或陷害他人。"
"中元","Tiong-goân","The Ghost Festival.","中元節。我國傳統民俗節日之一。農曆七月十五日，在這一天除了要參加廟裡為孤魂野鬼所舉辦的普渡之外，也會準備豐盛的飯菜在自家門口祭拜好兄弟，俗稱「拜門口」(pài mn̂g-kháu)。傳說如果供品太少或飯菜不夠豐盛就會遭到好兄弟的報復，所以中元節是一年之中祭品最多的節日。"
"中古","tiong-kó͘","Second-hand.","半新不舊。"
"中和","tiong-hô","Fair and peaceful.","公正和平。"
"中學","tiong-ha̍k","Middle school.","指實施中等教育的學校，程度介於小學和大學之間，舊分初高兩級，期限各三年，今初級中學已經劃入國民中小學九年一貫的教育範疇內。"
"中心","tiong-sim","Center.","正中央的位置。"
"中意","tèng-ì","To one's liking.","合人心意。"
"中指","tiong-cháiⁿ","Middle finger.","第三根手指頭。"
"中旬","tiong-sûn","The middle ten days of a month.","每月當中的十一日至二十日。"
"中晝","tiong-tàu","Noon.","中午、午時。"
"中晝時","tiong-tàu-sî","Noon.","中午。"
"中晝頓","tiong-tàu-tǹg","Lunch.","午餐、午飯。"
"中晝飯","tiong-tàu-pn̄g","Lunch.","中餐、午飯。"
"中毒","tiòng-to̍k","To be poisoned.","有害的物質進入人體或動物體內，造成生物體機能障礙或死亡。"
"中用","tiòng-iōng","Useful.","物品很好使用，容易使用。"
"中秋","Tiong-chhiu","The Mid-Autumn Festival.","中秋節、八月節。我國傳統民俗節日之一。農曆八月十五日，與春節、端午節並列為民間三大傳統節日。通常這天全家會團聚在一起吃月餅、吃柚子、賞月。"
"中秋節","Tiong-chhiu-cheh/Tiong-chhiu-choeh","The Mid-Autumn Festival.","中秋節、八月節。我國傳統民俗節日之一。農曆八月十五日，與春節、端午節並列為民間三大傳統節日。通常這天全家會團聚在一起吃月餅、吃柚子、賞月。"
"中秋餅","Tiong-chhiu-piáⁿ","Mooncake.","月餅。一種包餡的糕餅點心，為中秋節應時的食品。"
"中立","tiong-li̍p","Neutral.","不偏袒。"
"中等","tiong-téng","Medium.","不高不低、普通的程度。"
"中脊","tiong-chit","Ridgepole.","屋頂上頭，最高的那一根橫樑。"
"中計","tiòng-kè","To fall into a trap.","中圈套。落入計謀、圈套；遭人暗算。"
"中途","tiong-tô͘","Halfway.","半路、半途。路途之中。"
"中醫","tiong-i","Traditional Chinese medicine.","中國傳統的醫學。"
"中間","tiong-kan","In the middle of.","指某一時間或事件發展的過程中的一部分。"
"中風","tiòng-hong","Stroke (medical).","腦溢血、腦中風。病名。因腦血管硬化、破裂，造成腦內出血，壓迫到腦神經。往往會使病人昏迷、死亡或肢體麻木、言語行動不便。"
"丸仔","oân-á","Ball.","丸子。團狀、丸狀的東西或食品。"
"丹毒","tan-to̍k","Erysipelas (a skin infection).","病名。一種散播性鏈球菌所引起的組織炎及淋巴管炎。患部皮膚紅腫、疼痛、易蔓延，多半引起高燒、淋巴腺腫及腦膜炎等併發症。"
"丹田","tan-tiân","A point below the navel (in qigong).","指人肚臍下面一寸半或三寸的地方。"
"久久","kú-kú","For a long time.","經過一段相當長久的時間。"
"久仰","kiú-gióng","I've heard so much about you.","非常仰慕、仰慕很久了。是人際交往時初次見面的客套話。"
"久來","kú--lâi","Over time.","久而久之。"
"久見","kiú-kiàn","Long time no see.","久違。好久不見，為久別重逢的寒暄語。"
"久長","kú-tn̂g","For a long time.","長久。時間長遠悠久。"
"久長病","kú-tn̂g-pēⁿ/kú-tn̂g-pīⁿ","Chronic illness.","久病、慢性病。"
"九孔","káu-kháng","Abalone.","貝類。貝葉為橢圓形，上面有九個上下的吸水孔，喜歡棲息在數公尺深的岩礁地形中。有野生採集和人工養殖兩種來源，可以做為海鮮食材，是臺灣東北角、東部海岸及澎湖縣等岩岸地區的著名水產養殖貝類。"
"九層塔","káu-chàn-thah","Basil.","草本植物，脣形科羅勒屬。花的顏色有白色、紫色等，因為花苞為九層狀，尖端排列成九行，所以稱為「九層塔」。其嫩莖跟葉子可食用，具有特殊香氣。"
"九芎仔","kiú-kiong-á","Subcostate crape myrtle tree.","九芎樹。木本植物。木質堅韌，可以拿來做手杖，根部可以拿來入藥，治瘧疾。"
"乞的","khit--ê","Adopted child.","養子女。"
"乞食","khit-chia̍h","Beggar.","乞丐、叫花子。靠要錢、要飯過活的人。"
"乞食命","khit-chia̍h-miā","A beggar's fate.","指生來就得靠要錢、要飯過日子的命運。"
"乞食琴","khit-chia̍h-khîm","A two-stringed lute (yueqin).","月琴。弦樂器。用木頭製成，琴身為扁圓形或八角形，有四絃或三絃，用撥子彈奏。臺灣的月琴只有兩絃，俗稱為「乞食琴」。"
"乞食頭","khit-chia̍h-thâu","The head of the beggars.","乞丐頭子。乞丐的首領。"
"也好","iā hó","That's fine too.","也好、也行。"
"也是","iā sī","Also.","還是、也是。"
"了了","liáu-liáu","All gone.","光光、窮盡、完全沒有了。當作動詞補語。"
"了了","--liáu-liáu","All of them.","全都是。表示數量多或加強語氣。"
"了工","liáu-kang","Wasted effort.","白費工夫。"
"了後","liáu-āu","Afterwards.","之後。"
"了本","liáu-pún","To lose capital.","蝕本、虧本。"
"了然","liáu-jiân/liáu-liân","In vain.","枉然、枉費。"
"了錢","liáu-chîⁿ","To lose money.","賠錢、虧本。"
"予伊","hō͘ i","Let him","讓；表祈使義的介詞。"
"二九暝","Jī-káu-mê/Lī-káu-mî","New Year's Eve.","除夕、大年夜。"
"二房","jī-pâng/lī-pâng","The second son's branch of a family.","家族中次男的支系。"
"二手","jī-chhiú/lī-chhiú","Assistant.","副手、助手、助理。技術工作中的助手、協助處理事務的人。"
"二指","jī-cháiⁿ/lī-cháiⁿ","Index finger.","食指。"
"二步七仔","--jī-pō͘-chhit-á/--lī-pō͘-chhit-á","Some skill.","本事、本領。形容人對事情有一點處理的本事、能力。"
"五仁","ngó͘-jîn/ngó͘-lîn","To clown around.","插科打諢。形容人行為滑稽、詼諧，逗人發笑。"
"五分仔車","gō͘-hun-á-chhia","A small train (for sugarcane).","五分車、小火車。早期用作載運甘蔗到糖廠的小火車，也可以當作短程客運使用。"
"五分車","gō͘-hun-chhia","A small train (for sugarcane).","小火車。早期用作載運甘蔗到糖廠的小火車，也可以當作短程客運使用。"
"五加皮","ngó͘-ka-pî","A type of medicinal liquor.","以五加樹的根部的樹皮所泡製而成的藥酒。藥性辛溫無毒，有袪風溼、強筋骨的功效，可治疝氣、腹病及陽痿。"
"五彩","ngó͘-chhái","Multicolor.","形容顏色眾多繽紛。"
"五日節","Gō͘-ji̍t-cheh/Gō͘-li̍t-choeh","The Dragon Boat Festival.","端午節。農曆五月初五。與春節、中秋節並列為民間三大傳統節日。有吃粽子和龍舟競渡等風俗，也會插蒲艾、喝雄黃酒、掛鍾馗像來除瘟辟邪。"
"五月節","Gō͘-goe̍h-cheh/Gō͘-ge̍h-choeh","The Dragon Boat Festival.","端午節。農曆五月初五。與春節、中秋節並列為民間三大傳統節日。有吃粽子和龍舟競渡等風俗，也會插蒲艾、喝雄黃酒、掛鍾馗像來除瘟辟邪。"
"五柳居","ngó͘-liú-ki/ngó͘-liú-ku","Sweet and sour fish.","糖醋魚。菜餚名稱，一種臺灣閩南菜系的糖醋魚烹調法。"
"五福","ngó͘-hok","The five blessings.","指壽、富、康寧、攸好德、考終命等五種福氣，也有指壽、富、貴、安樂、子孫眾多五種福氣。"
"五穀","ngó͘-kok","The five grains.","泛指各種主要的穀物。普通說法以稻、小米、高梁、大麥、豆類為五穀。"
"五筋膎","gō͘-kin-kê/gō͘-kun-kôe","Knuckles used for hitting.","手指併攏彎曲時，突出的指關節，通常用於擊人頭部。"
"五臟","ngó͘-chōng","The five internal organs.","指心、肝、脾、肺、腎等五大器官，也可泛指一切內臟。"
"五路","ngó͘-lō͘","All directions.","各路、各處。指東、西、南、北、中五個方向。"
"五金","ngó͘-kim","Hardware.","金、銀、銅、鐵、錫(或鉛)五種金屬；也用來泛指各種金屬製品。"
"五金行","ngó͘-kim-hâng","Hardware store.","販賣各種金屬用品的商店，可以分為家庭五金和機械五金。"
"五香","ngó͘-hiang","Five-spice powder.","指茴香、花椒、八角、桂皮、丁香五種香料，是烹調食物時所添加的佐料。"
"井水","chéⁿ-chúi/chíⁿ-chúi","Well water.","井中的水。"
"亡魂","bông-hûn","The soul of the deceased.","死者的靈魂。"
"人中","jîn-tiong/lîn-tiong","The groove below the nose.","人臉部鼻子下，嘴脣上方凹下部分。"
"人事","jîn-sū/lîn-sū","Personnel matters.","機關中的人員升調、獎懲、任免等事務。"
"人人","lâng-lâng","Everyone.","每一個人。"
"人倫","jîn-lûn/lîn-lûn","Human relationships.","人類的倫常，人類相處的各種關係。"
"人參","jîn-sim/lîn-sim","Ginseng.","草本植物。根和葉都可以做藥，是昂貴的中藥材。因為形狀像人，所以稱為「人參」。"
"人員","jîn-oân/lîn-oân","Personnel.","擔任某種職務的人。"
"人客","lâng-kheh","Guest.","客人、賓客、顧客。"
"人家","jîn-ke/lîn-ke","House.","住宅、民家。"
"人工","lâng-kang","Manpower.","人力、人手。人的勞動力或是指可以工作的人。"
"人影","lâng-iáⁿ","A person's shadow.","人的影子，也可以用來指人。"
"人情","jîn-chêng/lîn-chêng","A favor.","恩惠、恩情。"
"人才","lâng-châi","Appearance.","外表、儀容。"
"人望","jîn-bōng/lîn-bōng","Public gaze.","眾人矚目。"
"人格","jîn-keh/lîn-keh","Character.","品格、品性。"
"人權","jîn-khoân/lîn-khoân","Human rights.","人生來就有的權利或是指人民在法律上所享有的權利，包括自由、人身安全、工作、受教育、集會結社、宗教信仰、財產等一切的人身權及民主權利。"
"人民","jîn-bîn/lîn-bîn","The people.","百姓、國民。居住在一國家內具有應享權利與應盡義務的人。"
"人氣","jîn-khì/lîn-khì","Popularity.","人緣、人望。源自日語「人気（にんき）」。"
"人物","jîn-bu̍t/lîn-bu̍t","A person of character and talent.","有品格、才能出眾的人。"
"人生","jîn-seng/lîn-seng","A person's life.","人的一生、生命歷程。"
"人範","lâng-pān","Moral example.","人品。指人的外在面貌或儀表。"
"人緣","lâng-iân","Popularity.","與人相處時，其相貌、個性、舉止受人歡迎的狀況。"
"人造","jîn-chō/lîn-chō","Artificial.","由人工製造而成的。"
"人面","lâng-bīn","Connections.","人脈。"
"人頭","lâng-thâu","A person's head.","人的頭部。"
"人馬","jîn-má/lîn-má","Troops and horses.","兵馬。泛指軍隊和武力裝備，及有相當力量的聚合人群。"
"仁丹","jîn-tan/lîn-tan","A type of refreshing pellet.","一種含於口中的小藥丸，清涼提神。源自日語「仁丹（じんたん）」。"
"仁愛","jîn-ài/lîn-ài","Benevolence.","仁厚慈愛。"
"仁慈","jîn-chû/lîn-chû","Merciful.","和善、善良。慈悲，寬大慈善。"
"仁義","jîn-gī/lîn-gī","Benevolence and righteousness.","仁愛正義、寬厚正直。"
"今仔","taⁿ-á","Just now.","剛剛、剛才。"
"今仔日","kin-á-ji̍t/kin-á-li̍t","Today.","今天、今日。"
"今年","kin-nî","This year.","本年。說話時的這一年。"
"介在","kài-chāi","To lie in.","在於。"
"介紹","kài-siāu","To introduce.","引薦。居間接洽、牽合雙方認識。"
"低厝仔","kē-chhù-á","A low and humble house.","簡陋又低矮的房子。"
"低級","kē-kip","Low-grade.","比較低下的級別，相對於「高級」而言。"
"低路","kē-lō͘","Incompetent.","低能。指不中用。"
"低音","kē-im","Bass (in music).","樂譜中其音低於基礎音者。"
"允人","ín--lâng/ún--lâng","To promise someone.","答應別人。"
"允准","ín-chún/ún-chún","To approve.","允許、准許。"
"元宵","Goân-siau","The Lantern Festival.","元宵節、上元節。我國傳統民俗節日之一。農曆正月十五日為天官大帝誕辰，清晨會祭拜三界公。"
"元氣","goân-khì","Energy.","精神。指一個人的體力氣力。源自日語。"
"元神","goân-sîn","Spirit.","指人的精神、靈魂。"
"元首","goân-siú","Head of state.","一國最高的首長。在君主國家，大多為世襲的君主；在共和國家則稱作總統、主席等，大致由直接或間接選舉產生。"
"入厝","ji̍p-chhù/li̍p-chhù","To move into a new house.","新居落成，搬入新家。"
"入土","ji̍p-thó͘/li̍p-thó͘","Burial.","埋葬。將亡者的遺體葬入土中。"
"入場","ji̍p-tiûⁿ/li̍p-tiûⁿ","To enter a venue.","進場。進入會場、試場或戲院等特定場所。"
"入學","ji̍p-o̍h/li̍p-o̍h","To start school.","開始進入學校學習、求學。"
"入教","ji̍p-kàu/li̍p-kàu","To join a religion.","信教、皈依。"
"入木","ji̍p-bo̍k/li̍p-bo̍k","Encoffining.","入殮。把死者放進棺木中。"
"入殮","ji̍p-liām/li̍p-liām","To place a body in a coffin.","將亡者的遺體放入棺木中。"
"入耳","ji̍p-ní/li̍p-ní","To be heard.","聽進耳裡。"
"入聲","ji̍p-siaⁿ/li̍p-siaⁿ","The entering tone (in Taigi)","台語七聲八調的第四、八調，以塞音為韻尾的促音節。"
"入選","ji̍p-soán/li̍p-soán","To be selected.","中選。被選上、被選入。"
"入門","ji̍p-mn̂g/li̍p-mn̂g","To enter a door.","進門。"
"入院","ji̍p-īⁿ/li̍p-īⁿ","To be hospitalized.","住院。因為生病住進醫院就醫。"
"內䘥仔","lāi-kah-á","Sleeveless undershirt.","無袖內衣。"
"內傷","lāi-siong","Internal injury.","指身體內部器官所受的傷害。"
"內公","lāi-kong","Grandfather (paternal).","祖父、爺爺。此為敘述用法，一般當面稱為「阿公」(a-kong)。"
"內地","lāi-tē/lāi-tōe","Inland.","距離邊界、沿海或港埠較遠的內陸地區。"
"內場","lāi-tiûⁿ","The banker (in gambling).","賭博中，稱莊家為「內場」。"
"內外","lāi-gōa","Inside and outside.","裡面和外面。"
"內套","lāi-thò","A woman's inner blouse.","女用上身內襯。"
"內奶","lāi-leng/lāi-ni","Inner tube (of a tire).","內胎。指裝在輪胎裡，帶有氣嘴的環形橡膠胎。"
"內媽","lāi-má","Grandmother (paternal).","祖母、奶奶。稱謂。此為敘述用法，一般面稱為「阿媽」(a-má)。"
"內孫","lāi-sun","A son's son.","嫡孫。直系孫子，兒子所生的孩子。"
"內容","lōe-iông","Content.","事物內部所包含的實質或意義。"
"內山","lāi-soaⁿ","Deep in the mountains.","深山裡面。"
"內底","lāi-té/lāi-tóe","Inside.","裡面、內部。"
"內心","lōe-sim","In one's heart.","心裡、心中。"
"內情","lōe-chêng","The inside story.","實情。內部真實的情況。"
"內才","lāi-châi","Inner substance.","內涵。一個人的內在修為、學識、才華。"
"內政","lōe-chèng","Internal affairs.","國家內部的政事。"
"內科","lāi-kho","Internal medicine.","依照病人對症狀的敘述，以用藥、打針來治療身體內部的各種疾病，而不動外科手術。"
"內行","lāi-hâng","Expert.","對某種事或工作有豐富的知識和經驗。"
"內行的","lāi-hâng--ê","An expert.","行家、專家。"
"內衫","lāi-saⁿ","Undershirt.","內衣。貼身穿在上身的衣服，通常較薄。"
"內裡","lāi-lí","The lining of clothing.","衣物不露出在外的裡層。"
"內部","lōe-pō͘","Internal.","指人、事、物的裡面。"
"內閣","lōe-koh","Cabinet (government).","立憲國家的最高行政機構，設有閣揆一人，和閣員若干人。"
"內面","lāi-bīn","Inside.","裡面、內部。"
"八仙","pat-sian","The Eight Immortals.","神話傳說中的八位仙人，漢鍾離、張果老、韓湘子、鐵拐李、曹國舅、呂洞賓、藍采和、何仙姑八人。"
"八仙桌","pat-sian-toh","A square table for worship.","一種用來祭祀的方桌。通常置於大廳，祭祀時用來陳列祭品，與用來供奉神明或祖先牌位的「尪架桌」(ang-kè-toh)合稱「頂下桌」(téng-ē toh)。"
"八仙綵","pat-sian-chhái","A red banner for celebrations.","繡有八仙過海的紅色彩幔，在喜事節慶時懸掛在門楣上。"
"八卦","pat-kòa","The Eight Trigrams.","術數用語。易經中八個基本卦名的合稱。相傳為伏羲氏所作，由陽爻和陰爻組成。後來也用來指稱八角形物品。"
"八字","peh-jī/poeh-lī","The eight characters of a horoscope.","中國傳統命相學家，用人出生的年、月、日、時，以天干、地支配合成八個字，來推斷一生的命運。"
"八字跤","pat-jī-kha/pat-lī-kha","Pigeon-toed or splay-footed.","八字腳。走路內八字或外八字。"
"八珍","pat-tin","Eight Treasures (TCM formula).","漢方藥劑的名稱，包含：當歸、川芎、白芍、熟地、人參、白朮、茯苓、甘草。"
"八角","peh-kak/poeh-kak","Star anise.","八角茴香的果實。茶褐色，呈星狀排列，一般多用作食品的佐料。"
"公事","kong-sū","Public affairs.","公眾的事務。"
"公債","kong-chè","Government bond.","中央政府為了應付短時期的財政調度困難，或是某一特定政策，而國家財政收支不足支應時，發行債券向國民借款，稱為「公債」。"
"公元","kong-goân","The Christian era (AD).","西元。歐美諸國以耶穌基督誕生之年為紀元之始，世界各國多有採用者，故稱為「公元」。"
"公共","kong-kiōng","Public.","大眾所共有的。"
"公分","kong-pun","To divide equally.","平分。"
"公分","kong-hun","Centimeter.","用來計算長度的單位，等於百分之一公尺。"
"公園","kong-hn̂g","Park.","經過規劃處理或保留其自然狀態，以做為民眾戶外遊憩及享受大自然的特定場所。"
"公婆","kong-pô","Ancestral tablets.","祖先牌位。"
"公媽","kong-má","Ancestors.","祖先。"
"公學校","kong-ha̍k-hāu","Public school (Japanese era).","日治時期臺灣人就讀的基礎教育學校，相當於現在的小學。"
"公家","kong-ka","The state.","國家或公眾。"
"公家","kong-ke","Jointly owned.","大眾共有、合夥的。"
"公寓","kong-gū","Apartment building.","可以提供多戶人家居住的寓所，為多層或多排的住宅建築物。"
"公平","kong-pêⁿ/kong-pîⁿ","Fair.","公正。心存正道，沒有偏私。"
"公所","kong-só͘","A township office.","指鄉鎮市公所。"
"公文","kong-bûn","Official document.","機關行號或行政單位裡頭，處理或聯繫公務的文書。"
"公斤","kong-kin/kong-kun","Kilogram.","計算重量的公制單位。一公斤等於一千公克。"
"公母","kang-bó","Male and female (for animals","雄性和雌性或陽性和陰性之合稱。人不稱「公母」，用來指稱動物或物品。"
"公民","kong-bîn","Citizen.","凡年滿二十歲，在某一行政區域內連續居住六個月以上，沒有被褫奪公權，或受禁治產宣告的居民。"
"公用","kong-iōng","For public use.","公共使用的。"
"公的","kang--ê","Male (animal","雄性的動物、陽性的器物。"
"公眾","kong-chiòng","The public.","大眾。指一般人民、群眾。"
"公親","kong-chhin","Mediator.","中人。調解、勸和的人。"
"公費","kong-hùi","Public expense.","由公家所支付的經費。"
"公路","kong-lō͘","Highway.","由公家修建管理，人民可以自由通行的道路。"
"公道","kong-tō","Fair.","公平、公正。正直，沒有偏私。"
"公里","kong-lí","Kilometer.","計算長度的公制單位。一公里等於一千公尺。"
"公開","kong-khai","To make public.","揭露、不加掩飾。"
"公開","kong-khui","To share expenses.","眾人一起負擔金錢上的支出。"
"公館","kong-koán","Official residence.","敬稱他人的住所。"
"六合","lio̍k-ha̍p","The universe.","天地。上下和東西南北四方，泛指天下或宇宙。"
"六書","lio̍k-su","The six categories of Chinese characters.","漢字的六種造字的方法，包括象形、指事、會意、形聲、轉注、假借。"
"六月冬","la̍k-goe̍h-tang/la̍k-ge̍h-tang","Summer harvest.","夏稻、夏穫。夏季收穫的農作物、第一期稻作所收成的農作物。"
"六月天","la̍k-goe̍h-thiⁿ/la̍k-ge̍h-thiⁿ","The sixth lunar month (hottest time).","農曆六月，夏季天氣最熱的時候。"
"六法全書","Lio̍k-hoat-choân-su","The Six Codes of law.","蒐集我國現行法規近五百種，包含憲法、民法、民事訴訟法、刑法、刑事訴訟法、商事法及行政法等法律全文的書。"
"六畜","lio̍k-thiok","The six domestic animals.","指馬、牛、羊、雞、犬、豬六種牲畜。"
"冇手","phàⁿ-chhiú","Generous.","大方、慷慨。"
"冇數","phàⁿ-siàu","Bad debt.","呆賬、爛賬。"
"冇炭","phàⁿ-thòaⁿ","Used charcoal.","指燒過的炭。"
"冇石仔","phàⁿ-chio̍h-á","Pumice stone.","浮石。礦物名，是一種經由岩漿急速冷凝，氣體逸出後所形成的多孔狀岩石。顏色較淡，有氣泡狀孔穴，可漂浮在水面上，通常是流紋岩岩漿的產物，以前常用來搓洗鍋子。"
"冇蟳","phàⁿ-chîm","A crab without roe.","沒有蟹黃的蟳。"
"冗剩","liōng-siōng","Ample.","寬裕。"
"冗早","liōng-chá","Early.","趁早、及早、提早。"
"冬節","tang-cheh/tang-choeh","Winter Solstice (solar term).","亦為傳統民俗節日。約當國曆十二月二十二或二十三日。這一天黑夜最長，白天最短。在民間習俗上，這一天要搓湯圓，並祭祀祖先和神明。"
"凡勢","hoān-sè","Perhaps.","也許、可能。"
"凶年","hiong-nî","A year of famine.","農作物收成欠佳，鬧饑荒的年頭。"
"凶煞","hiong-soah","An evil spirit at a burial.","埋葬時的煞氣。"
"刀仔","to-á","Small knife.","小刀。"
"刀喙","to-chhùi","Blade edge.","刀口。"
"刀柄","to-pèⁿ/to-pìⁿ","Knife handle.","刀子的把手。"
"刀石","to-chio̍h","Whetstone.","磨刀石。"
"刀砧","to-tiam","Cutting board.","砧板。切割魚肉或蔬果時所墊的板子。"
"刀肉","to-bah","The main body of a knife.","指刀子的主體部位。"
"刀銎","to-kheng","The back of a knife.","刀背。指刀無刃的一邊。"
"刁古董","tiau-kó͘-tóng","To deliberately make things difficult.","刻意作弄、為難別人。"
"刁工","thiau-kang","Specially.","專程、特地。"
"刁意故","thiau-ì-kò͘","Intentionally.","故意、存心。"
"刁持","tiau-tî","Intentionally.","故意、存心。"
"刁故意","tiau-kò͘-ì","Intentionally.","存心、故意。"
"刁難","thiau-lân","To make things difficult.","故意為難。"
"分伻","pun-pheⁿ","To distribute.","分配。"
"分別","hun-pia̍t","To distinguish.","區分、辨別。"
"分寸","hun-chhùn","Proper limits in behavior.","人與人之間，行為動作或應對說話所應該有的限度。"
"分張","pun-tiuⁿ","To share (food).","通常指小孩子慷慨大方願意將食物分給他人。"
"分攤","hun-thoaⁿ","To share (expenses).","分別攤付。"
"分散","hun-sòaⁿ","To disperse.","分離散開。"
"分數","hun-sò͘","Score.","表示成績高低的數字。"
"分明","hun-bêng","Clearly.","明明。明顯、顯然。"
"分派","hun-phài","To assign.","分發派遣。"
"分發","hun-hoat","To distribute.","分配。"
"分的","pun--ê","An adopted child.","收養的小孩。"
"分身","hun-sin","To be in two places at once.","指一個人在同一段時間內要分出額外的心力來處理別的事務。"
"分配","hun-phòe/hun-phè","To distribute.","區分支配。"
"分錢","pun-chîⁿ","To beg for money.","乞丐向人要錢。"
"分鐘","hun-cheng","Minute (time).","計算時間的單位。六十分鐘為一小時。"
"分開","hun-khui","To separate.","分離、分散。"
"分類","hun-lūi","To classify.","依照事物的不同性質來做區隔。"
"切手","chhiat-chhiú","Postage stamp.","郵票。源自日語「切手（きって）」。"
"力量","le̍k-liōng","Strength.","力氣、能力。"
"力頭","la̍t-thâu","Strength.","力氣、力道。"
"勻仔是","ûn-á-sī","Take it easy.","慢慢來、不慌不忙。"
"勻勻仔","ûn-ûn-á","Slowly.","慢慢地、謹慎小心地。"
"勻勻仔火","ûn-ûn-á-hóe/ûn-ûn-á-hé","Low heat.","慢火、小火。"
"勼手","kiu-chhiú","To stop.","收手。結束正在進行的動作。"
"勼水","kiu-chúi","To shrink (of clothes).","縮水。形容衣物經水洗過後而縮小尺寸。"
"勼跤","kiu-kha","To back out.","抽腳、抽腿、退卻、裹足。因突發狀況而打消本來的意願。"
"勾引","kau-ín","To seduce.","引誘。"
"勾結","kau-kiat","To collude.","暗中串通，做不正當的事。"
"化學","hòa-ha̍k","Chemistry.","研究物質的結構、性質及變化反應的科學。"
"化緣","hòa-iân","To beg for alms (for monks).","和尚、尼姑等向人乞求布施，而施與者因此和仙佛結下善緣，所以稱為「化緣」。"
"化身","hòa-sin","Incarnation.","佛、菩薩為教化眾生而顯現的面目形態。"
"十一哥","cha̍p-it-ko","Bachelor.","單身漢。"
"十二分","cha̍p-jī-hun/cha̍p-lī-hun","Extremely.","非常、很。用來形容程度極深。"
"十二生相","cha̍p-jī seⁿ-siùⁿ/cha̍p-lī siⁿ-siùⁿ","The twelve zodiac animals.","十二生肖。即鼠、牛、虎、兔、龍、蛇、馬、羊、猴、雞、狗、豬。"
"十全","cha̍p-chn̂g","Perfect.","完滿、齊全。完美無缺憾。"
"十全","si̍p-choân","Perfect.","用於中醫藥名。"
"十八變","cha̍p-peh-piàn/cha̍p-poeh-piàn","Eighteen changes (unpredictable).","十八種變化。用來比喻或形容事物變化多端，或是借用佛家語，比喻本領高強。"
"十八骰仔","si̍p-pat-tâu-á","Dice.","骰子。一種遊戲或賭博用的小方塊。六面分別刻上一、二、三、四、五、六點，一、四漆紅色，其餘為黑色。"
"十字架","si̍p-jī-kè/si̍p-lī-kè","Cross.","西洋古代的一種刑具。由於耶穌基督為了救贖世人而被釘死在十字架上，所以後世就用十字架來代表基督本身或對基督教的信仰。"
"十字路","si̍p-jī-lō͘/si̍p-lī-lō͘","Crossroads.","縱橫兩條道路交接之處。"
"十花五色","cha̍p-hoe-gō͘-sek","Variegated.","五花八門、形形色色。"
"十足","cha̍p-chiok","Completely.","完全、充分。"
"千千萬萬","chhian-chhian-bān-bān","Thousands upon thousands.","成千上萬，形容數量很多。"
"千斤秤","chhian-kin-chhìn/chhian-kun-chhìn","Jack (lifting device).","千斤頂、起重機。利用螺旋、齒輪或油壓作用，將重物作小幅度抬高的機械裝置。常用於安裝或修理機器、汽車時使用。"
"千萬","chhian-bān","Be sure to.","務必、絕對。有再三叮嚀的意思。"
"千里眼","Chhian-lí-gán","Clairvoyant (a deity).","神話傳說中的天神，是媽祖座前的神將，雙眼大而暴突，能看到極遠、極細、極隱蔽的東西。"
"千里鏡","chhian-lí-kiàⁿ","Telescope.","望遠鏡。用來觀察天體或者是遠處物體的儀器。"
"千金","chhian-kim","A daughter (polite term).","禮貌性的稱呼別人的女兒。"
"午時","gō͘-sî","Noon.","上午十一點到下午一點的時段為午時。一般大多指中午十二時左右。"
"午時水","gō͘-sî-chúi","Water drawn at noon on the Dragon Boat Festival.","指端午節的中午由井裡打上來的水，據說飲用此水有益身體。"
"卜卦","pok-kòa","To divine.","占卜。推斷未來的吉凶禍福。"
"又閣","iū-koh","Again.","又、再，表示動作或現象的重複。"
"及時","ki̍p-sî","In time.","把握時機、正趕上需要、正趕上時機。"
"及格","ki̍p-keh","To pass (an exam).","合格。符合規定的標準或資格。"
"友的","iú--ê","A term for friends, especially among gang members.","原指互不認識的朋友彼此之間的稱呼。這本來是對「朋友」一詞比較戲謔、省略的說法，後來專指遊手好閒、無所事事的幫派份子的互稱。"
"反來反去","péng-lâi-péng-khì","To toss and turn.","指人輾轉難眠，睡不著覺。"
"反倒轉","hoán-tò-tńg","On the contrary.","反倒、反而。"
"反僥","hoán-hiau","To break a promise.","違約、反悔。"
"反天","hoán-thiⁿ","The weather is changing.","變天。天氣由晴轉變成陰或雨。"
"反對","hoán-tùi","To oppose.","不贊成。"
"反常","hoán-siông","Abnormal.","不同於平時或過去的行為習慣、態度。"
"反悔","hoán-hóe","To regret.","對已經約定、允諾的事情，中途改變心意，感到後悔。"
"反抗","hoán-khòng","To resist.","心中不服而予以抗拒。"
"反桌","péng-toh","To flip a table.","掀桌子、翻桌子。將餐桌或是工作桌掀翻開來，通常是尋隙挑釁的行為。"
"橫直","hoâiⁿ-ti̍t","Anyway.","無論如何。"
"反爿","péng-pêng","To turn over.","翻身、翻轉。"
"反症","hoán-chèng","Relapse.","指病情轉好又惡化的轉變。引申為事情變化得很快。"
"反白睚","péng-pe̍h-kâiⁿ","To roll one's eyes.","翻白眼。黑眼球往上吊，露出白眼球，表示不以為然、不滿的情緒或是快要死的樣子。"
"反目","hoán-bo̍k","To fall out with each other.","不和。通常指夫妻或朋友之間失和。"
"反省","hoán-séng","To reflect on oneself.","自我檢討過去言語、行為的是非好壞。"
"反肚","péng-tō͘","To turn belly up (like a dead fish).","肚皮朝天。魚死時都會翻白肚，所以多用來指魚死了。"
"反肚痧","péng-tō͘-soa","A type of acute gastroenteritis.","絞腸痧。病名。多因飲食不潔引起胃腸閉塞所造成，患者會有腹中絞痛，吐不出、瀉不出的症狀。"
"反背","hoán-pōe","To betray.","違背、反叛、辜負、背叛。"
"反腹","péng-pak","To feel nauseous.","反胃。有噁心、嘔吐的症狀。"
"反船","péng-chûn","To capsize.","翻船。"
"反車","péng-chhia","To overturn (a vehicle).","翻車。"
"口供","kháu-keng","Confession.","訴訟關係人在被審問的時候，對案情的相關陳述。"
"口座","kháu-chō","Bank account.","帳戶、戶頭。在金融機構開一個存提款戶。源自日語「口座（こうざ）」。"
"口氣","kháu-khì","Tone of voice.","說話的語氣。"
"口灶","kháu-chàu","Household.","戶、住戶。計算家庭的單位。"
"口琴","kháu-khîm","Harmonica.","樂器名。屬於簧片風琴的最小型樂器，上面有兩行並列的小孔，裡面裝有銅製的笛簧，用口吹吸，就能發出各種聲調。"
"口白","kháu-pe̍h","Aside.","旁白。戲曲中人物的內心獨白以及對話。"
"口試","kháu-chhì","Oral examination.","用口頭問答的方式，來觀察應考人的反應、言談內容等等的考試方法。"
"口面","kháu-bīn","Outside.","外面。外頭、外部。"
"口音","kháu-im","Accent.","各地方所特有的說話方式及腔調。"
"口頭","kháu-thâu","Oral.","指用言語表示，不是用文字或者行動來表明。"
"土人","thó͘-lâng","A rustic person.","比較粗魯、率直的人。"
"土公仔","thó͘-kong-á","Grave worker.","處理喪葬墓穴的工人。"
"土包仔","thó͘-pau-á","Country bumpkin.","土包子、鄉巴佬。形容缺乏見識、知識的人。"
"土匪","thó͘-húi","Bandit.","為非作歹、打家劫舍的匪徒。"
"土地","thó͘-tē/thó͘-tōe","Soil.","指土壤或者是地表上面的部分。"
"土地公","Thó͘-tī-kong","The Earth God.","民間信仰中守護地方的神，又叫做「福德正神」。"
"土師","thó͘-sai","A self-taught craftsman.","無師自通的技術工。"
"土性","thó͘-sèng","Rustic personality.","形容人的個性較粗魯、率直。"
"土想","thó͘-siūⁿ","To know without thinking.","指事情不需細想即可知道。"
"土木","thó͘-bo̍k","Civil engineering.","指道路、橋樑或建築物的興建、改建、維護等工作。"
"土檨仔","thó͘-soāiⁿ-á","A native variety of mango.","土芒果。還沒經過改良的芒果，味道比改良品種酸，果肉較少，纖維較粗，生芒果常用來醃製成蜜餞。"
"土直","thó͘-ti̍t","Straightforward.","形容一個人個性率真、剛直，不會深思熟慮，不會拐彎抹角。"
"土菝仔","thó͘-poa̍t-á","A native variety of guava.","土芭樂。瓜果類。番石榴的一種，臺灣土生種，果實形體小，晒乾後可以泡茶，中醫療效上可以治糖尿病。"
"土話","thó͘-ōe","Vulgar language.","粗俗不堪的話。"
"土雞仔","thó͘-ke-á/thó͘-koe-á","Free-range chicken.","土雞。不是人工圈養吃飼料的雞。"
"夏至","hē-chì","Summer Solstice (solar term).","約當國曆六月廿一日或廿二日。這天晝最長夜最短，也是最熱的時期。"
"大丈夫","tāi-tiōng-hu","A man of courage and principle.","有志氣而且勇敢剛毅的男子。"
"大下","tōa-ē","With great force.","指很用力。"
"大不了","tāi-put-liáu","At most.","頂多、充其量。至多也不過如此。"
"大主大意","tōa-chú-tōa-ì","To act on one's own authority.","擅作主張。指不聽從、不遵守上級或長輩的指示，擅自做決定。"
"大人","tāi-jîn/tāi-lîn","Police officer (Japanese-era term).","日治時代老百姓對警察的稱呼。源自日語。"
"大人","tōa-lâng","Adult.","成年人。"
"大代誌","tōa tāi-chì","A big matter.","大事情。"
"大伯","tōa-peh","Father's elder brother.","稱謂。對人尊稱父親的長兄。"
"大位","tōa-ūi","Seat of honor.","主位。宴會用餐時，最重要的席位，通常由德高望重者，或年長長輩入座。"
"大使","tāi-sài","Ambassador.","地位最高的外交官員。派駐在邦交國，代表著國家和國家元首。"
"大便","tāi-piān","To defecate.","排泄糞便。"
"大兄","tōa-hiaⁿ","Eldest brother.","大哥、長兄。"
"大前年","tōa-chûn--nî","The year before last year.","前年的前一年，即今年以前的第三年。"
"大力","tōa-la̍t","With great force.","形容很用力，或者出重力。"
"大厝","tōa-chhù","A large house.","大房子、廣廈。"
"大同仔","tāi-tông-á","Bell pepper.","青椒。瓜果類。主莖呈木質化，為低木狀，形狀像辣椒，可以食用。"
"大名","tōa-miâ","Your esteemed name.","用來尊稱別人的名字。"
"大哥","tōa-ko","Eldest brother.","稱謂。兄弟中排行最大的、最年長的。"
"大四界","tōa-sì-kè/tōa-sì-kòe","Everywhere.","到處、每個地方。"
"大囝","tōa-kiáⁿ","Eldest son.","長子、大兒子。稱謂。對長子的稱呼。"
"大壽","tōa-siū","A major birthday (50+).","指重要的生日，多用於五十歲以上逢十的生日。"
"大妗","tōa-kīm","Wife of the eldest maternal uncle.","大舅媽。稱謂。大舅的妻子。"
"大姆","tōa-ḿ","Wife of father's elder brother.","大伯母。稱謂。用來稱呼父親大哥的妻子。"
"大姊","tōa-chí","Eldest sister.","稱謂。用來稱呼姊妹之中年紀最大的。"
"大姑","tōa-ko͘","Father's eldest sister.","稱謂。指父親的姊妹中年紀最長的。"
"大姨","tōa-î","Mother's eldest sister.","稱謂。母親的大姊。"
"大娘姑","tōa-niû-ko͘","Husband's elder sister.","大姑子。稱謂。已婚婦女對他人稱呼自己丈夫的姊姊。"
"大孫","tōa-sun","Eldest grandson.","長孫。排行最大的孫子。"
"大學","tāi-ha̍k","University.","國家學制上最高單位，凡具備三學院者稱為大學，不足者則稱為獨立學院。"
"大官","ta-koaⁿ","Father-in-law (husband's father).","公公。指丈夫的父親，用於背稱及描述，面稱時則與丈夫一致。"
"大官虎","tōa-koaⁿ-hó͘","A corrupt and powerful official.","權臣、官僚。仗著官位權勢擺威風、魚肉百姓的人。"
"大家","ta-ke","Mother-in-law (husband's mother).","婆婆。稱謂。婦女對他人稱自己丈夫的母親。"
"大家口","tōa-ke-kháu","A large family.","大家庭、大家族。人口數眾多的家庭、家族。"
"大家官","ta-ke-koaⁿ","Parents-in-law (husband's parents).","公婆。稱謂。指丈夫的父母親。"
"大富","tōa-pù","Very wealthy.","表示非常富有的狀況。"
"大富大貴","tōa-hù-tōa-kùi","Extremely wealthy and noble.","非常富有且地位顯貴。"
"大寒","tāi-hân","Major Cold (solar term).","約當國曆一月二十或二十一日的時候，是一年之中最冷的日子。"
"大寒","tōa-kôaⁿ","Extreme cold.","極冷，嚴寒。"
"大廣絃","tōa-kóng-hiân","A type of two-stringed fiddle.","胡琴。用大椰子殼或是質地較輕的木頭(如林投木)做琴箱的胡琴，聲音比「殼仔絃」(khak-á-hiân)低沉、哀怨。"
"大廳","tōa-thiaⁿ","Living room.","客廳。"
"大後年","tōa-āu--nî","The year after next year.","後年之後的第一年。"
"大後日","tōa-āu--ji̍t/tōa-āu--li̍t","The day after tomorrow.","大後天。"
"大心氣","tōa-sim-khùi","Short of breath.","呼吸急促，喘不過氣來。"
"大戲","tōa-hì","A major form of traditional opera.","各項表演元素(如角色、情節、音樂)都較為複雜、完整的傳統戲曲，皆可稱為「大戲」。使用上多指曾流行於臺灣的歌仔戲、高甲戲、亂彈等。"
"大房","tōa-pâng","The eldest son's branch of a family.","長房。指家族中嫡長子所屬的家系。"
"大拖","tōa-thoa","A tool for gathering grain.","用來當作曬穀時集中穀子的農具。約二尺半長、一尺多寬的長型木板，上有一柄，兩邊有繩索，由兩人共同拖曳，將大量稻穀集中一處放置處理。"
"大摒掃","tōa-piàⁿ-sàu","Spring cleaning.","大掃除。也引申為對工作項目的整理。"
"大方","tāi-hong","Generous.","慷慨不小氣。"
"大日","tōa-ji̍t/tōa-li̍t","Auspicious day.","吉日。指適合婚喪嫁娶的好日子。"
"大昨日","tōa-cho̍h--ji̍t/tōa-cho̍h--li̍t","The day before yesterday.","大前天。"
"大暑","tāi-sú","Major Heat (solar term).","約當國曆七月廿三日或廿四日。是一年中天氣最熱的時候。"
"大月","tōa-goe̍h/tōa-ge̍h","A long month (31 or 30 days).","國曆三十一天或者農曆三十天的月分。"
"大本","tōa-pún","Large-sized (plant).","大號、大型的植物。"
"大某","tōa-bó͘","First wife.","正室、元配。即大老婆。"
"大欉","tōa-châng","A large plant.","大棵。形容植物長得又高又大。"
"大氣","tāi-khì","Atmosphere.","包圍在地球外層的空氣，由許多種氣體混合成的，其中以氮、氧為主要的成分。"
"大氣","tōa-khùi","To breathe heavily.","大口的呼吸。"
"大氣喘","tōa-khùi-chhoán","Asthma.","哮喘、氣喘。一種呼吸困難的症狀。"
"大港","tōa-káng","A large river.","大河。"
"大湧","tōa-éng","Large waves.","大波浪。"
"大漢","tōa-hàn","Tall and big.","身材高大。"
"大熱","tōa-joa̍h/tōa-loa̍h","Extreme heat.","酷暑。極炎熱的天氣。"
"大爿","tōa-pêng","The larger half.","東西切割或對分之後，占多數或較大的一方。"
"大甲蓆","Tāi-kah-chhio̍h","A high-quality straw mat from Dajia.","大甲地區所產的優質草蓆，為大甲藺草所編，質地柔軟不易脆裂。"
"大目","tōa-ba̍k","Big eyes (used sarcastically).","大眼睛。用來嘲諷人沒有看到近在眼前或目標明顯的東西。"
"大筒","tōa-tâng","A large tube.","大筒子。"
"大箍","tōa-kho͘","Fat.","形容人體肥胖。"
"大箍呆","tōa-kho͘-tai","A fat person (insulting).","罵身材肥胖的人，有嘲笑其反應不靈敏之意。"
"大範","tōa-pān","Poised and natural.","一個人的舉止十分大方、自然，不受拘束。"
"大細","tōa-sè/tōa-sòe","Size.","大小。指一般事物的尺寸大小。"
"大細心","tōa-sè-sim/tōa-sòe-sim","To be partial.","偏心。指人故意偏袒一方，對某一方存私心。"
"大細目","tōa-sè-ba̍k/tōa-sòe-ba̍k","To be biased.","本義為兩眼一大一小，大小眼。引申為用不公平的角度看待他人。"
"大耳","tōa-hīⁿ/tōa-hī","Gullible.","形容人不辨真假、輕信片面之詞。"
"大聲","tōa-siaⁿ","Loud.","聲音宏大、響亮。"
"大聲話","tōa-siaⁿ-ōe","Exaggeration.","誇大、吹噓的話。"
"大肚胿","tōa-tō͘-kui","Big belly.","指很大的肚子。"
"大腸","tōa-tn̂g","Large intestine.","腸的下部。上接小腸，下連肛門，較小腸粗大而短，可依次分為盲腸、結腸與直腸三部分。大腸可吸收水分和一部分養分，並主宰排泄作用。"
"大腹肚","tōa-pak-tó͘","Big belly.","大肚子。"
"大腿","tōa-thúi","Thigh.","為下肢的一部分，在臀與膝蓋之間。"
"大腿骨","tōa-thúi-kut","Femur.","股骨。大腿裡的骨頭，是全身最長的骨，約占身長的四分之一。"
"大膽","tōa-táⁿ","Bold.","形容人膽量大、不畏怯，也可用於斥責別人無禮、踰越的行為。"
"大舅","tōa-kū","Eldest maternal uncle.","稱謂。指母親的兄弟中年紀最長的。"
"大舌","tōa-chi̍h","To stutter.","口吃。講話結結巴巴、不清不楚。"
"大話","tōa-ōe","To brag.","誇口不實的話。"
"大賣","tōa-bē/tōa-bōe","Wholesale.","批發的生意，指成批買賣商品。"
"大跤胴","tōa-kha-tâng","Thick calves.","蘿蔔腿。小腿肚粗大的腿形。"
"大路","tōa-lō͘","A wide road.","寬敞開闊的道路。"
"大道公","Tāi-tō-kong","A god of medicine (Poh Seng Tai Tay).","保生大帝，為傳統民間信仰的神明，又稱吳真人。俗名為吳夲，北宋太宗年間福建泉州府同安縣人，以醫藥為業，得道後又以除瘟疫為聖行，中醫藥業常供奉為行業神。也是臺灣同安籍人士信奉的鄉土保護神。在臺灣以臺北大龍峒保安宮、蘆洲保和宮和臺南學甲慈濟宮最為著名之主祀廟宇。"
"大量","tāi-liōng","A large quantity.","數量多。"
"大銀","tōa-gîn/tōa-gûn","Large-sized spirit money.","大張的冥紙，上面貼有銀箔。"
"大陣","tōa tīn","A large group of people.","一大群人。"
"大雪","tāi-soat","Major Snow (solar term).","約當國曆十二月七日或八日。為天氣嚴寒之時，在北方已是大雪紛飛，故稱。"
"大面神","tōa-bīn-sîn","Thick-skinned.","厚臉皮。不知羞恥的樣子。"
"大頭拇","tōa-thâu-bú","Thumb.","大拇指。"
"大頭菜","tōa-thâu-chhài","Kohlrabi.","蕪菁。根莖類。根為扁球形，肉質為白色或紅色，球根及嫩葉可以食用。"
"大頷胿","tōa-ām-kui","Goiter.","指甲狀腺腫大，也就是甲狀腺內分泌系統中缺碘的一種代償性反應，若是甲狀腺機能亢進症，則不宜吃海帶、紫菜、鹽等或含碘高的食物。"
"大餅","tōa-piáⁿ","Wedding cake.","喜餅、禮餅。訂婚時女方贈給親友的餅。"
"大麵","tōa-mī","Noodles.","麵條。"
"大鼓","tōa-kó͘","A large drum.","打擊樂器名。"
"大龐","tōa-phiāng","A big person.","大塊頭。形容人的身材高大。"
"天下","thian-hā","The world.","整個世界。"
"天九牌","thian-kiú-pâi","A type of domino game.","天九、牌九。一種紙牌或骨牌的賭博遊戲。"
"天井","thiⁿ-chéⁿ/thiⁿ-chíⁿ","Skylight.","天窗。屋頂上的窗戶。"
"天光","thiⁿ-kng","Dawn.","天亮、破曉。"
"天公","Thiⁿ-kong","The Jade Emperor.","天老爺、老天爺。"
"天公生","Thiⁿ-kong-seⁿ/Thiⁿ-kong-siⁿ","The Jade Emperor's birthday.","俗稱玉皇大帝的誕辰。"
"天公祖","Thiⁿ-kong-chó͘","The Jade Emperor.","老天爺。"
"天公金","Thiⁿ-kong-kim","A type of spirit money for the Jade Emperor.","天金、大壽金。金紙的一種，專門燒給玉皇大帝的金紙，是金紙中最大張的。"
"天反地亂","thiⁿ-hoán-tē-loān/thiⁿ-hoán-tōe-loān","Great chaos.","亂世、天下大亂。形容國家或局勢動亂不安。"
"天地","thiⁿ-tē/thiⁿ-tōe","Heaven and earth.","天空和地表。"
"天堂","thian-tông","Heaven.","信仰宗教者以為人死後居住的快樂世界。"
"天庭","thian-têng","The heavenly court.","天界。神佛居住的地方。"
"天意","thiⁿ-ì","The will of heaven.","上天的旨意，非人類意志所能控制的。"
"天才","thian-châi","Genius.","指天生聰明或者具備天賦才能的人。"
"天文","thian-bûn","Astronomy.","天空中包括日、月、星辰以及風、雲、雨、雪等一切的自然現象。"
"天時","thian-sî","Opportune time.","自然有利的時機。"
"天橋","thian-kiô","Footbridge.","馬路上方便行人穿越馬路而凌空架設的橋梁。"
"天氣","thiⁿ-khì","Weather.","天候。在一定的區域和時間內的氣溫、溼度、氣壓、風向和雨量等狀況。"
"天然","thian-jiân/thian-liân","Natural.","自然形成、天生的，不是人為的。"
"天狗熱","thian-káu-jia̍t/thian-káu-lia̍t","Dengue fever.","登革熱、骨痛熱。病名。由白線斑蚊或埃及斑蚊將病原傳入人體的急性傳染病。患者會有全身疲倦、發燒、畏寒、頭痛及全身肌肉痠痛及皮膚出現紅疹等症狀。"
"天理","thian-lí","Natural law.","天道。自然、倫常的法則。"
"天秤","thian-pêng","A balance scale.","一種用來測量物體重量的工具。"
"天窗","thiⁿ-thang","Skylight.","屋頂上可透光的小窗子。"
"天良","thian-liông","Conscience.","良心。"
"天色","thiⁿ-sek","The color of the sky.","天空的顏色。"
"天頂","thiⁿ-téng","In the sky.","天上。"
"太保","thài-pó","A delinquent boy.","指不良少年。"
"太太","thài-thài","Mrs.","對已婚女子的尊稱。"
"太妹","thài-mōe","A delinquent girl.","不良少女。"
"太平","thài-pêng","Peaceful.","指天下安定無事。"
"太極拳","thài-ke̍k-kûn","Tai chi.","一種拳術，是講究以靜制動、以柔克剛、借力打力的武術運動，兼具防身與健身的效果。"
"太白星","Thài-pe̍k-chheⁿ/Thài-pe̍k-chhiⁿ","The planet Venus.","金星。星名。太陽系中最接近太陽的第二個行星。在民間信仰中也是一位神祇。"
"太白粉","thài-pe̍h-hún","Cornstarch.","將樹薯或玉米磨碎並乾燥成粉狀，於烹調時用作勾芡用。"
"太白酒","thài-pe̍h-chiú","A type of liquor.","相傳為李白所愛喝的酒，用高粱和豌豆等原料做成，主要產在四川省萬縣，臺灣的太白酒以澱粉為釀造原料，主要生產地為埔里酒廠。"
"太監","thài-kàm","Eunuch.","宦官。古時候宮廷中侍奉君王和其家族家屬的官員，由閹割後的男子來擔任。"
"太空","thài-khong","The sky.","指天空。"
"夫人","hu-jîn/hu-lîn","Lady.","古代諸侯或高官顯爵的妻子，也可用來稱現今高官的妻子。"
"夫君","hu-kun","Husband (formal).","妻子對丈夫的敬稱。"
"夫妻","hu-chhe","Husband and wife.","夫婦。"
"夫婦","hu-hū","Husband and wife.","夫妻。"
"夭壽","iáu-siū","To die young.","夭折。短命早死。"
"夭壽仔","iáu-siū-á","A curse word (short-lived).","夭壽、短命鬼。詛咒人短命的用語。"
"夭壽短命","iáu-siū-té-miā","A curse word (short-lived).","短命鬼。詛咒人短命早死的用語。"
"夭折","iáu-chiat","To die young.","短命、早死。指青少壯時死亡。"
"女兒","lú-jî/lú-lî","Daughter (formal","稱謂。父母親稱自己的女兒，此音讀通常出現在戲劇中。"
"子宮","chú-kiong","Uterus.","雌性動物生殖器的主要部分。位於小骨盤內膀胱與直腸之間，以子宮頸與陰道相連，底部兩側與輸卵管相通，為胎兒發育的場所。"
"子弟","chú-tē","Younger generation.","後生小輩。"
"子弟戲","chú-tē-hì","An amateur theatrical troupe.","由農村子弟組成演出的臺灣傳統戲曲，主要為北管，為業餘性質，在廟宇慶典中伴奏或演出。"
"子時","chú-sî","The period from 11 PM to 1 AM.","指晚上十一點到隔天凌晨一點的時間。"
"孔明車","khóng-bêng-chhia","Bicycle.","腳踏車。一種利用雙腳踩踏板前進的兩輪車。"
"孔雀","khóng-chhiok","Peacock.","禽鳥類。生產在熱帶地區，形狀略像雉，體長大約三尺多，翅膀短小，雄性長得特別壯麗，頭上有羽冠，尾巴有長形的羽毛，張開時呈現扇形，很美觀，是著名的觀賞用的鳥類。"
"寒露","hân-lō͘","Cold Dew (solar term).","約當國曆十月八日或九日。時序上進入深秋，但臺灣氣候仍然炎熱，水稻則進入黃熟期。"
"寸尺","chhùn-chhioh","Measurement.","尺寸、法度。"
"小丑仔","siáu-thiú-á","Clown.","戲劇或馬戲團中表演滑稽逗趣腳色的人。"
"小事","sió-sū","A small matter.","小事情。"
"小人","siáu-jîn/siáu-lîn","A person of low character.","品德操守低下，人格卑劣的人。"
"小使","siáu-sú","Errand boy.","小弟、跑腿的。供人差遣的人。"
"小兒科","sió-jî-kho/sió-lî-kho","Pediatrics.","專門診治兒童的醫學分科。"
"小兒麻痺","sió-jî-bâ-pì/sió-lî-bâ-pì","Polio.","急性脊髓灰白質炎。病名。由濾過性病毒所引發的急性傳染病，病毒侵入中樞神經系統，破壞脊椎前角的神經，致使肌肉麻痺萎縮。"
"小叔","sió-chek","Husband's younger brother.","稱謂。稱呼丈夫的弟弟。"
"小口","sió-kháu","Small appetite.","飯量少、食量小。"
"小可仔","sió-khóa-á","A little.","稍微、些微、少許。"
"小名","sió-miâ","Nickname.","乳名、外號。非正式的名字。"
"小囝","sió-kiáⁿ","Brat.","小子。是輕視別人的稱呼。"
"小妹","sió-mōe/sió-bē","Youngest sister.","稱謂。稱呼排行最小的妹妹或泛稱妹妹。"
"小姐","sió-chiá","Miss.","姑娘。稱呼未婚的年輕女子。"
"小姑","sió-ko͘","Husband's younger sister.","稱謂。女子稱呼丈夫的妹妹。"
"小嬸","sió-chím","Wife of a younger brother or husband's younger brother.","弟媳、小嬸子。稱謂。男子稱呼弟弟的妻子或是女子稱呼丈夫弟弟的妻子。"
"小學","sió-ha̍k","Elementary school.","實施初級教育的學校。"
"小寒","siáu-hân","Minor Cold (solar term).","約當國曆一月五日或一月六日。南方雜糧作物收割時期。"
"小工","sió-kang","Odd-job worker.","指一般打零工的人，因其工作性質、內容均不定，有時亦為副手，故稱為小工。"
"小弟","sió-tī","Youngest brother.","稱謂。稱最年幼的弟弟或泛稱弟弟。"
"小心","sió-sim","Be careful.","注意、留意。"
"小數","sió-sò͘","A small number.","少數。數額不大。"
"小旦","sió-tòaⁿ","A young female role in opera.","戲劇裡，飾演年輕貌美的女子的角色。"
"小暑","siáu-sú","Minor Heat (solar term).","約當國曆七月七日或七月八日。"
"小月","sió-goe̍h/sió-ge̍h","A short month (29 days).","農曆之中，只有二十九天的月份。"
"小木","sió-ba̍k","A carpenter who makes furniture.","做家具的木工。相反的，「大木」(tōa-ba̍k)是建築房屋的木工。"
"小滿","sió-boán","Grain Buds (solar term).","約當國曆五月廿一日或廿二日。北方一期農作漸趨成熟，南方則為梅雨季。"
"小玉仔","sió-gio̍k-á","A type of small watermelon with yellow flesh.","小玉西瓜。瓜果類。果肉為黃色的西瓜。"
"小生","sió-seng","A young male role in opera.","戲劇裡，飾演年輕男子的角色，包括文生和武生。"
"小白菜","sió-pe̍h-chhài","Bok choy.","葉菜類。形似油菜，葉柄呈白色，可食用，也可以入藥。"
"小票","sió-phiò","Small bills (money).","零鈔。小面額的紙幣。"
"小等","sió-tán","Wait a moment.","等一下、稍等。"
"小管仔","sió-kńg-á","Small squid.","軟體動物名。胴部呈圓錐形或長筒形，鰭較大，多位於後端。腕有十隻，有兩隻較長的觸腕，內有吸盤二行，觸腕穗吸盤四行。"
"小肚","sió-tō͘","Bladder.","膀胱。泌尿系統中儲存尿液的器官。為肌肉與膜質形成的囊，呈卵圓形，位在骨盤腔的前方和腹腔的下方。"
"小腸","sió-tn̂g","Small intestine.","在腸的上部，較大腸細長，上接胃部，下連大腸，有消化和吸收的功用，是人體最重要的消化器官。"
"小說","sió-soat","Novel.","描寫人物故事，有完整布局、情節發展及一貫主題的文學作品。"
"小賣","sió-bē/sió-bōe","Retailer.","零售商。將貨品零星出售給消費者的商人。相反的，「大賣」(tōa-bē)指的就是批發商。"
"小路","sió-lō͘","A small path.","小徑、小道。較狹窄的路。"
"小銀","sió-gîn/sió-gûn","Small-sized spirit money.","小張的冥紙，上面貼有銀箔。"
"小雪","siáu-soat","Minor Snow (solar term).","約當國曆十一月廿二日或廿三日。北方開始下微量的雪，南方收割水稻，或進入下期農作。"
"小鬼仔殼","siáu-kúi-á-khak","Mask.","面具。"
"少女","siàu-lí/siàu-lú","Young girl.","年輕未婚的女孩子。"
"少年","siàu-liân","Youth.","年少狀態。"
"少年家","siàu-liân-ke","Young man.","年輕力壯的小伙子。"
"少數","chió-sò͘","A small number.","數量少、不多。"
"少爺","siàu-iâ","Young master.","有錢、顯貴人家的子弟。"
"少缺","chió-khoeh/chió-kheh","Plenty.","不缺、多得很。多用在反詰口氣。"
"山伯英台","San-phek-Eng-tâi","The Butterfly Lovers (a tragic love story).","著名的民間故事及戲曲劇目人物。梁山伯與祝英台同窗三年，才知英台是女扮男裝，二人相愛欲成夫妻，祝家卻將英台許配權貴，山伯相思而死，英台跳入山伯墳塚而亡，二人化為彩蝶，比翼雙飛。後也用來比喻苦戀的悲劇人物。"
"山勢","soaⁿ-sè","The lay of the mountains.","山的形勢。"
"山坪","soaⁿ-phiâⁿ","Hillside land.","山坡地。山凹間或山麓上較平坦的地或可耕地。"
"山尾溜","soaⁿ-bóe-liu/soaⁿ-bé-liu","Mountaintop.","山頂。"
"山崁","soaⁿ-khàm","Cliff.","山崖。山陡直的側面。"
"山崙","soaⁿ-lūn","Hillock.","指地勢較一般平原為高的小山丘。"
"山嶺","soaⁿ-niá","Mountain range.","山脈。連綿的高山。"
"山後鳥","soaⁿ-āu-chiáu","Grey-faced buzzard.","灰面鵟鷹、灰面鷲。禽鳥類。每年十月初至十月底從北半球南下至東南亞一帶渡冬，於臺灣過境期間，可在恆春滿州里附近觀賞。到來年三月底至四月中旬又北返，在彰化八卦山或臺北觀音山地區可看見；因為是由南路而來，又稱為「南路鷹」。"
"山東白仔","soaⁿ-tang-pe̍h-á","Napa cabbage.","包心白菜、山東白菜。葉菜類。營養豐富，具有清熱利尿、降血壓、預防感冒、健胃整腸等功效。"
"山洞","soaⁿ-tōng","Cave.","位在山林之中，自然形成的洞穴。"
"山溝","soaⁿ-kau","Gully.","山澗、山谷。"
"山珍海味","san-tin-hái-bī","Delicacies from the mountains and seas.","山中和海中所生產的各式各樣的珍貴食品。"
"山盟海誓","san-bêng-hái-sè","A solemn pledge of love.","誓言感情如山的堅定、如海的深沉。多用來表示對愛情的真誠不變。"
"山線","soaⁿ-sòaⁿ","A mountain transport route.","穿越山區的交通路線。"
"山腰","soaⁿ-io","Halfway up a mountain.","半山腰、半山坡。半山處，介於山頂和山腳部分。"
"山苳蒿","soaⁿ-tang-o","A type of edible wild plant.","昭和草。草本植物。莖葉鮮綠柔軟，葉緣呈鋸齒狀，花為紅褐色，果實被絨毛。春季為最佳的採集季節，可以食用。遭蟲咬傷或擦傷，也可將莖葉搗碎敷於患部。"
"山谷","soaⁿ-kok","Valley.","山溝。兩山之間低窪且狹窄的地方。"
"山豬","soaⁿ-ti/soaⁿ-tu","Wild boar.","山豬、野豬。身體呈圓桶狀，皮黑又厚，長滿粗毛，鼻子長又硬，牙齒尖利，是雜食性動物，性情十分兇暴。"
"山貉","soaⁿ-hô","A type of large rodent (bamboo rat).","哺乳動物。背部暗褐色，腹部灰白色，體毛剛粗，尾部粗壯，鱗環明顯。善挖地穴居，是臺灣體型最大的鼠類，也是臺灣農作物的剋星。民間多抓來食用，一般山產店多寫作「山河肉」。"
"山貓","soaⁿ-niau","Leopard cat.","雲豹、石虎、狸貓。哺乳動物。頭部有黑色條紋，軀幹有黑褐色斑點，尾部有橫紋，性凶猛，捕食鳥、鼠、蛇、蛙等小動物。"
"山賊","soaⁿ-chha̍t","Mountain bandit.","占據山頭建立營寨或出沒山中的盜賊。"
"山跤","soaⁿ-kha","The foot of a mountain.","山腳。山下靠近平地的部分。"
"山雺","soaⁿ-bông","Mountain mist.","山嵐。山中的霧氣。"
"山頂","soaⁿ-téng","Mountaintop.","山的最高點。"
"山頭","soaⁿ-thâu","Mountaintop.","山頂。"
"川七","chhoan-chhit","Madeira-vine.","蔓生植物。可以入藥，有散血定痛的功效，常和杜仲相配合。嫩葉可以食用，是餐廳常見的野菜佳餚。"
"川芎","chhoan-kiong","A type of medicinal herb.","芎藭。草本植物。可入藥，有調經、活血、潤燥、止痛等療效。大多產於四川，所以稱為「川芎」。"
"川貝","chhoan-pòe","A type of medicinal herb (Fritillaria).","貝母、藥實。草本植物。地下鱗莖為白色，形狀像集貝子，可以入藥。主要產地在中國四川。"
"工事","kang-sū","Construction work.","工程。源自日語「工事（こうじ）」。"
"工人","kang-lâng","Worker.","工人。靠勞力工作，以換取工資的人。"
"工仔","kang-á","Worker.","工人。靠勞力工作，以換取工資的人。"
"工作","kang-chok","Work.","作事、職業。為賺取生活所需的金錢或物質，所從事的腦力或體力的活動。"
"工場","kang-tiûⁿ","Factory.","工廠。把原料製成製造品，或把半成品做成成品的製造場所。工廠裡通常有機器和工人。"
"工夫","kang-hu","Kung fu.","中國功夫。即特殊武術、工技。"
"工寮","kang-liâu","A temporary work shed.","為了工作而搭起的簡易棚子，可以當作休息或存放工具等的地方。"
"工廠","kang-chhiúⁿ","Factory.","工場。擁有生產機器及依生產流程分工的工人，並將原料或半成品製成成品的工作場所；通常包括工作、業務和管理等部門 。"
"工會","kang-hōe","Labor union.","同業工人為維護共同的權益，所聯合組織的團體。"
"工業","kang-gia̍p","Industry.","利用人力、知識、技術、機器等將自然物品加工成新產品的生產事業。"
"工程","kang-têng","Engineering project.","有關製造、建築、開礦、發電、興修水利等，有一定計畫的工作進程。"
"工程師","kang-têng-su","Engineer.","主持工事、管理機械的專門技術人員。"
"工藝","kang-gē","Pastime.","消遣。"
"工課","khang-khòe","Work.","工作、事情。"
"工頭","kang-thâu","Foreman.","領班。領導及管理工人的為首者。"
"巴結","pa-kiat","To flatter.","拍馬屁、奉承別人。"
"巴郎","pa-lang","A type of fish (mackerel).","竹筴魚、四破。魚類。為「真鰺」(竹筴魚)和「藍圓鰺」(四破)的混稱，成魚長度大約為三十公分，以小型蝦蟹類為食，棲息在海底礁石上方的水面海域，一般以外銷日本鮮售為主。"
"巾仔","kin-á/kun-á","A general term for cloths or towels.","布巾類的總稱。"
"干休","kan-hiu","To stop.","停止、罷休。"
"干干仔","kan-kan-á","Of all things.","偏偏。"
"干樂","kan-lo̍k","A spinning top.","陀螺。一種玩具，形狀像海螺，用木頭等材料製成。下面尖端有金屬釘，玩時用繩子纏繞，再用力拋出、抽繩使直立旋轉。"
"干涉","kan-sia̍p","To interfere.","插手管別人的事情。"
"干焦","kan-na","Only.","只有、僅僅。"
"干貝","kan-pòe","Dried scallop.","蚌類扇貝上的肉經乾燥製成的食品。"
"廿一","jia̍p-it/lia̍p-it","Twenty-one.","二十一。"
"弓仔","keng-á","Spring (metal).","彈簧。利用有彈性的材料所製成的零件。"
"弓蕉","keng-chio","Banana.","香蕉。瓜果類，味道香甜。因為果實長形略為彎曲，所以稱為「弓蕉」。"
"弓蕉油","keng-chio-iû","Banana oil.","香蕉油、香蕉水。用酯類、酮類、醇類、醚類和芳香族化合物製成的透明液體，容易揮發，有香蕉氣味。它的酒精溶液可以當作食品香料；混合有機溶劑之後，可以運用在製造噴漆、印刷、或降低漆的黏度等。"
"弓開","keng--khui","To stretch open.","撐開。用力使東西張開。"
"引渡","ín-tō͘","To extradite.","他國罪犯居留在本國境內時，本國政府配合將罪犯送回該國，以接受追訴或懲處。但國際法中，原則上不引渡政治犯。源自日語「引き渡す（ひきわたす）」。"
"引誘","ín-iú","To lure.","誘導、勾引。"
"引起","ín-khí","To cause.","引發、發動。"
"引魂","ín-hûn","To summon a soul.","指招回生者或死者之魂。"
"心事","sim-sū","Something on one's mind.","藏在心中所不為人知的事。"
"心悶","sim-būn","To feel down.","形容內心愁苦煩悶的狀態。"
"心情","sim-chêng","Mood.","內心的情緒。"
"心意","sim-ì","Thought.","想法、看法。"
"心機","sim-ki","Scheme.","謀略、計謀。"
"心火","sim-hóe/sim-hé","Internal heat or anger.","內心的浮躁、激動或者是怒氣。"
"心爽","sim-sóng","To feel refreshed.","心裡舒適暢快。"
"心狂火著","sim-kông-hóe-to̍h/sim-kông-hé-to̍h","To be furious.","氣急攻心、火冒三丈。"
"心理","sim-lí","Psychology.","人腦中的認知、思考、記憶等活動的總稱，也泛指人的一切內心活動。"
"心神","sim-sîn","Mind.","精神、心力。"
"心肝","sim-koaⁿ","Heart.","一個人的心地、心腸。"
"心肝仔囝","sim-koaⁿ-á-kiáⁿ","Darling child.","心肝寶貝。父母對子女的暱稱。"
"心肝窟仔","sim-koaⁿ-khut-á","The bottom of one's heart.","心窩、心坎。胸部的中央、胸口。"
"心肝頭","sim-koaⁿ-thâu","In one's heart.","心裡頭。"
"心腸","sim-tn̂g","Heart.","心地。"
"心腹","sim-pak","Confidant.","親信。十分信任的人、忠誠可靠的人。"
"心血","sim-hiat","Effort.","心力。"
"心行","sim-hēng","Heart.","心地、心腸。"
"心適","sim-sek","Interesting.","有趣。"
"心酸","sim-sng","To feel sad.","傷心、辛酸。心裡頭感到悲傷痛苦。"
"戶口","hō͘-kháu","Household registration.","計算某一地域的家庭及其人口數的計量單位。"
"戶口名","hō͘-kháu-miâ","Registered name.","正名、本名。登記在戶口名簿上的名字，有別一般偏名。"
"戶口抄本","hō͘-kháu-chhau-pún","A copy of the household registration.","戶籍謄本。戶政機關戶籍登記的抄錄本。"
"戶橂","hō͘-tēng","Threshold.","門檻。門下所設的橫木或石板等。"
"手䘼","chhiú-ńg","Sleeve.","衣袖。衣服的袖子，也就是從肩膀以下的部分。"
"手下","chhiú-hā","Subordinate.","部下、部屬。"
"手勢","chhiú-sè","Gesture.","指整個手部的肢體動作，尤其是指動作中的狀態。"
"手印","chhiú-ìn","Fingerprint.","捺在文件上的指模印。"
"手尾","chhiú-bóe/chhiú-bé","Fingertip.","指尖。手掌的指頭、指尖部分。"
"手尾力","chhiú-bóe-la̍t/chhiú-bé-la̍t","Grip strength.","手腕的力氣或手掌的握力。"
"手尾錢","chhiú-bóe-chîⁿ/chhiú-bé-chîⁿ","Money held by the deceased.","過世的人手上或身上所帶的錢。"
"手工","chhiú-kang","Handmade.","依靠雙手製造物品的工夫。"
"手巾仔","chhiú-kin-á/chhiú-kun-á","Handkerchief.","手帕。"
"手底","chhiú-té/chhiú-tóe","Palm.","手掌。"
"手扞仔","chhiú-hōaⁿ-á","Handlebar.","把手。腳踏車、機車或三輪車等的把手。"
"手指","chhiú-chí","Ring (jewelry).","戒指。套在手指頭上的環形飾物。"
"手指頭仔","chhiú-chéng-thâu-á","Finger.","手指。"
"手摺簿仔","chhiú-chih-phō͘-á","Bankbook.","存摺。金融機構發給存款人的小冊子，內容詳細記載存款人的存提記錄，可以做為憑證。"
"手擋","chhiú-tòng","Handbrake.","手剎車。"
"手數料","chhiú-sò͘-liāu","Handling fee.","處理手續所需的費用，即手續費。源自日語「手数料（てすうりょう）」。"
"手曲","chhiú-khiau","The crook of the arm.","整個手臂彎曲起來所形成的部分。"
"手模","chhiú-bô͘","The shape of a hand.","整個手掌的形狀外觀。"
"手橐仔","chhiú-lok-á","Glove.","手套。"
"手機仔","chhiú-ki-á","Mobile phone.","手機、行動電話。"
"手段","chhiú-tōaⁿ","Method.","做事情的技巧、方法。"
"手液","chhiú-sio̍h","Hand sweat.","手汗。手掌部位因體質或緊張所分泌的汗液。"
"手爪","chhiú-jiáu/chhiú-niáu","Fingers.","原意為手指，引申為「行為、習慣」的意思。"
"手痕","chhiú-hûn","Fingerprint.","指紋。"
"手盤","chhiú-pôaⁿ","The back of the hand.","手背。"
"手目","chhiú-ba̍k","Wrist bone.","手腕關節突起的骨頭。"
"手碗","chhiú-óaⁿ","Elbow joint.","手肘的關節。"
"手碗骨","chhiú-óaⁿ-kut","Elbow bone.","手肘關節的骨頭。"
"手筆","chhiú-pit","Handwriting.","筆跡、手跡。親手所寫的文字或所畫的圖畫。"
"手耙","chhiú-pē","A rake.","耙子。用來撥平耕地的農具。"
"手肚","chhiú-tó͘","Biceps.","手臂凸起的肌肉。"
"手股","chhiú-kó͘","Upper arm.","上臂。上肢的一部分，位於肩膀與下臂之間。"
"手術","chhiú-su̍t","Surgery.","開刀。醫生使用醫療器材在病患身上切割患處、縫合傷口以治療疾病的方法。"
"手路","chhiú-lō͘","Special skill.","特殊的手藝、手法。"
"手路菜","chhiú-lō͘-chhài","A signature dish.","拿手好菜。"
"手銃","chhiú-chhèng","Pistol.","手槍。"
"手錶仔","chhiú-pió-á","Wristwatch.","手錶。戴在手上的計時器。"
"手電仔","chhiú-tiān-á","Flashlight.","手電筒。"
"手面","chhiú-bīn","Palm.","手掌。"
"手風琴","chhiú-hong-khîm","Accordion.","西洋鍵盤樂器。彈奏時拉動側邊的風箱，鼓動簧管產生聲音。"
"手骨","chhiú-kut","The bones of the arm.","指人體上肢胳臂的骨頭部分。"
"才子","châi-chú","A talented scholar.","有卓越文才或學問能力的男子。"
"才情","châi-chêng","Talent.","指人的才華、本事、才能。"
"才是","chiah-sī","That's the one.","才是。"
"才會","chiah ē","Only then.","用來連結前後因果關係的詞語。"
"才調","châi-tiāu","Ability.","本事、能力。"
"支出","chi-chhut","Expenditure.","消費、支付的費用、款項。"
"支持","chi-chhî","To support.","維持、支撐。"
"支援","chi-oān","To support.","支持、援助。"
"支票","chi-phiò","Check (bank).","一種以銀行為付款人的憑票即付之匯票。"
"文件","bûn-kiāⁿ","Document.","書札、公文類的統稱。"
"文化","bûn-hòa","Culture.","一種在一個特定地區內生活的群體，依據團體價值所學習得來的行為組合。其所共享的信念、價值觀、行為模式(儀式、風俗習慣)及語言則包括了有形的生活產品(如食物、家具、建築、衣服、工具)及無形的人文概念(如教育、制度、法律)等。"
"文字","bûn-jī/bûn-lī","Writing.","人類用來表示觀念、記錄語言的符號。"
"文學","bûn-ha̍k","Literature.","廣義泛指一切思想的表現，用文字記述的著作。狹義則是指專用藝術的手法，表現思想、情感或者想像的作品。"
"文官","bûn-koaⁿ","Civil official.","受政府機關僱用，擔任文職工作的人員。不包括軍事人員及選舉人員在內。"
"文市","bûn-chhī","Retail business.","零售商行。"
"文憑","bûn-pêng","Diploma.","用來作為憑證的正式文書。"
"文文仔笑","bûn-bûn-á-chhiò","To smile gently.","微笑、淺笑。"
"文旦","bûn-tàn","Pomelo.","瓜果類。果實呈上小下大的洋梨形，果皮粗，呈淺綠色，果肉呈淡黃白色，白底透紅，紅色稍紅等幾種，柔軟多汁，氣味芳香。臺灣地區以麻豆文旦為最有名。"
"文明","bûn-bêng","Civilization.","人類社會進步開化的狀況。"
"文書","bûn-su","Clerk.","公務文件及來往書牘的泛稱，而處理這些事務的人也就被叫做「文書」。"
"文章","bûn-chiong","Article.","主題明確，詞意通順的文字作品。"
"文言","bûn-giân","Classical Chinese.","用古漢語為基礎的書面語。相對於白話。"
"文身","bûn-sin","Tattoo.","紋身、刺青。"
"文雅","bûn-ngá","Elegant.","優美、高雅。"
"斗仔","táu-á","A dipper-shaped container.","形狀像斗的容器。"
"斗概","táu-kài","A tool for leveling grain in a measure.","用來平斗的器具。以前用斗斛量東西時，用來刮平斗口高出部分的長形棒子。"
"方便","hong-piān","Convenient.","便利。"
"方向","hong-hiòng","Direction.","指東西南北上下等區別。"
"方式","hong-sek","Method.","做事或說話的方法和形式。"
"方法","hong-hoat","Method.","為了達到某種目的所採行的步驟或手段。"
"方言","hong-giân","Dialect.","同一語言的地區或社會階層變體。"
"方面","hong-bīn","Aspect.","事物的部分地位。"
"日光燈","ji̍t-kong-teng/li̍t-kong-teng","Fluorescent lamp.","照明用具。利用放電現象及光子激發的螢光作用發光的照明用具。"
"日子","ji̍t-chí/li̍t-chí","Day.","時間、期間。"
"日常","ji̍t-siông/li̍t-siông","Daily.","平常、平日。"
"日後","ji̍t-āu/li̍t-āu","In the future.","以後、將來。"
"日時","ji̍t--sî/li̍t--sî","Daytime.","白天。"
"日時仔","ji̍t--sî-á/li̍t--sî-á","Daytime.","白天。"
"日月蚶","ji̍t-goa̍t-ham/li̍t-goa̍t-ham","A type of scallop.","扇貝、帆立貝。貝類。貝扇為扁平狀，左右兩片貝扇的顏色不一樣，一片為白色，一片為紫褐色，所以叫做「日月蚶」。在海水裡行進時，白色貝扇平躺，紫褐色貝扇會揚起來像帆船揚帆前進。"
"日月蟶","ji̍t-goa̍t-than/li̍t-goa̍t-than","A type of scallop.","扇貝、帆立貝、日月蛤。貝類。貝扇為扁平狀，左右兩片貝扇的顏色不一樣，一片為白色，一片為紫褐色。在海水裡行進時，白色貝扇平躺，紫褐色貝扇會揚起來像帆船揚帆前進。"
"日期","ji̍t-kî/li̍t-kî","Date.","發生某件事的確定日子或者期間。"
"日誌","ji̍t-chì/li̍t-chì","Diary.","日記。用於每天記事情的本子。"
"春分","chhun-hun","Spring Equinox (solar term).","約當國曆三月二十一或二十二日，這一天南北半球的晝夜長短平均。"
"月下老人","goa̍t-hā-nó͘-jîn/goa̍t-hā-nó͘-lîn","The god of marriage.","指主管男女婚姻的神，也有人用以稱呼媒人。"
"月中","goe̍h-tiong/ge̍h-tiong","The middle of the month.","指每一個月的中旬。"
"月來香","goe̍h-lâi-hiong/ge̍h-lâi-hiong","Tuberose.","夜來香。花名。地下有球形的根，地上的莖高達六十多公分。秋天開白色的花，微黃。花被呈現漏斗的形狀，雄蕊有六枚，通常每二朵並生。因為在月亮出現時散發香味，所以稱做「月來香」。"
"月俸","goe̍h-hōng/ge̍h-hōng","Monthly salary.","月薪、月給。公務員或受僱者每個月所領的薪資。"
"月光暝","goe̍h-kng-mê/ge̍h-kng-mî","A moonlit night.","月夜。有月光的夜晚。"
"月內","goe̍h-lāi/ge̍h-lāi","The first month after childbirth.","月子。指婦人生產後一個月之內的時期。"
"月內房","goe̍h-lāi-pâng/ge̍h-lāi-pâng","The room for postpartum confinement.","產婦坐月子的房間。"
"月內風","goe̍h-lāi-hong/ge̍h-lāi-hong","Puerperal fever.","產褥熱。病名。產婦在生產後產道因病菌感染而引起的疾病。主要症狀為發燒、下腹疼痛、陰道流血等。最常感染的部位為子宮內膜。亦稱為「月子病」。"
"月初","goe̍h-chhe/ge̍h-chhoe","The beginning of the month.","月頭、上旬。一個月剛開始的頭幾天。"
"月半","goe̍h-pòaⁿ/ge̍h-pòaⁿ","The 15th day of the lunar month.","陰曆每月的十五日，是一個月裡，月最圓的時候。"
"月外日","goe̍h-gōa-ji̍t/ge̍h-gōa-li̍t","More than a month.","一個多月。"
"月娘","goe̍h-niû/ge̍h-niû","The moon.","月亮。"
"月尾","goe̍h-bóe/ge̍h-bé","The end of the month.","月底。指一個月的最後幾天。"
"月日","goe̍h-ji̍t/ge̍h-li̍t","A month's time.","一個月的時間。"
"月暗暝","goe̍h-àm-mê/ge̍h-àm-mî","A moonless night.","暗夜、月黑天。沒有月光的夜晚。"
"月桃","ge̍h-thô","Shell ginger.","虎子花、良薑。草本植物。高約一至三公尺，葉鞘很長，質地堅韌，可以當作繩索用，葉子可以用來包粽子。種子成分含有健胃劑，可以加工製成強胃散或口味兒仁丹。"
"月琴","goe̍h-khîm/ge̍h-khîm","A two-stringed lute (Taiwanese traditional musical instrument).","弦樂器。用木頭製成，琴身為扁圓形或八角形，有四絃或三絃，用撥子彈奏。臺灣的月琴只有兩絃，因為過去有人行乞時會彈奏月琴伴唱，故俗稱為「乞食琴」(khit-chia̍h-khîm)。"
"月眉","goe̍h-bâi/ge̍h-bâi","Crescent moon.","初三、初四所看見的弦月，由於形狀就像眉毛一樣，因此稱月初所見的月亮為「月眉」。"
"月給","goe̍h-kip/ge̍h-kip","Monthly salary.","月薪、月俸。公務員或受僱者每個月所領的總薪資。源自日語「月給（げっきゅう）」。"
"月經","goe̍h-keng/ge̍h-keng","Menstruation.","指月經來潮，生理成熟的女人每月子宮黏膜脫落，所發生的週期性陰道流血現象，通常約在十四歲到四十五歲之間。"
"月色","goe̍h-sek/ge̍h-sek","Moonlight.","月光。"
"月餅","goe̍h-piáⁿ/ge̍h-piáⁿ","Mooncake.","一種包著餡料的糕餅點心，是中秋節的應景食品。"
"木匠","ba̍k-chhiūⁿ","Carpenter.","木工師父。"
"木屐","ba̍k-kia̍h","Wooden clogs.","以木材為底，上面釘有帶子的木板拖鞋。"
"木工","ba̍k-kang","Carpentry.","從事木器製造的人。"
"木心枋","bo̍k-sim-pang","Blockboard.","木心板、三夾板。厚的三夾板，中間為集成材實心木板，另外兩面貼木紋皮，是常見的建築材料。"
"木材","bo̍k-châi","Lumber.","截斷的原木，經過初步的製材加工，成為提供建築和製作器物用的材料。"
"木棉","bo̍k-mî","Kapok tree.","木本植物。樹幹有瘤刺，枝條成輪狀向四周平伸開展。葉片平滑，花於初春開放，花朵豔麗，為橙紅色系。果子呈現橢圓形，種子上被棉毛，棉毛富有彈性，適合做枕頭、沙發等填充材料。"
"木瓜","bo̍k-koe","Papaya.","番木瓜。植物名，也稱為「木瓜」。番瓜木科番木瓜屬，草質小喬木。葉具長柄，掌狀分裂。全株有乳汁，雌雄異株，果實卵圓形或橢圓形，成熟後為黃色。供生食或製果汁，可入藥。"
"木耳","bo̍k-ní","Wood ear fungus.","蕈菇類。生長在朽腐的樹幹上，成片狀，一邊黏在腐木上，表面向上突出，菌絲體生長後，生子實體，形狀長得像人的耳朵，徑大約一公寸，內面平滑，呈現暗褐色，外面有柔軟的短毛，呈淡褐色。可以供食用。"
"木蝨","ba̍k-sat","Bedbug.","床蝨、臭蟲。身體呈橢圓且扁平，喜愛乾燥，白天大多藏在地板、牆壁或草蓆的縫隙，晚上則爬出來吸食人和牲畜的血，是一種會傳染疾病的寄生蟲。"
"木魚","bo̍k-hî/bo̍k-hû","A wooden fish (percussion instrument).","唸經時用來控制節奏的法器。"
"木麻黃","bo̍k-môa-hông","Casuarina tree.","木本植物。雌雄異株，小枝有關節，葉子退化為鞘狀，有齒裂，圍繞在小枝關節間。具有防風、防砂等用途。鄉間常常用來做行道樹，田間和海濱則用來做防風林。"
"欠債","khiàm-chè","To owe a debt.","拖欠別人財物。"
"欠安","khiàm-an","Unwell.","不平安、身體不適、生病。"
"欠數","khiàm-siàu","To owe a debt.","欠帳。"
"欠用","khiàm-ēng","To need money.","缺錢花用。"
"欠缺","khiàm-khoeh/khiàm-kheh","To lack.","因缺少而需要。"
"欠血","khiàm-hoeh/khiàm-huih","Anemia.","貧血。"
"止喙焦","chí chhùi-ta","To quench thirst.","止渴。"
"止嗽","chí-sàu","To stop coughing.","止咳。"
"止枵","chí-iau","To satisfy hunger.","充飢。吃東西解餓。"
"止疼","chí-thiàⁿ","To stop pain.","使疼痛停止。"
"止血","chí-hoeh/chí-huih","To stop bleeding.","讓血液不再由傷口流出。"
"歹人","pháiⁿ-lâng","Bad person.","壞人、惡人、歹徒。品性、行為不良的人。"
"歹代","pháiⁿ-tāi","A bad deed.","壞事、惡事。"
"歹剃頭","pháiⁿ-thì-thâu","Hard to please.","形容人難取悅，或事情難應付。"
"歹勢","pháiⁿ-sè","Sorry.","不好意思、對不起、抱歉。"
"歹命","pháiⁿ-miā","To have a hard life.","苦命、不幸。命運不好、沒有福份。"
"歹命人","pháiⁿ-miā-lâng","A person with a hard life.","命運坎坷的人。"
"歹喙","pháiⁿ-chhùi","To have a sharp tongue.","常說不得體、負面的話。"
"歹喙斗","pháiⁿ-chhùi-táu","Picky eater.","挑嘴。形容人對食物很挑剔。"
"歹囝","pháiⁿ-kiáⁿ","Bad boy.","不良少年、浪蕩子。"
"歹天","pháiⁿ-thiⁿ","Bad weather.","惡劣的天氣。"
"歹年冬","pháiⁿ-nî-tang","A year of bad harvest.","荒年、歉歲。農作物收成不好的年頭。"
"歹心","pháiⁿ-sim","Evil heart.","壞心。形容人居心不良或心腸惡毒。"
"歹性地","pháiⁿ-sèng-tē/pháiⁿ-sèng-tōe","Bad-tempered.","性情不好，容易發脾氣。"
"歹意","pháiⁿ-ì","Malice.","惡意。"
"歹手爪","pháiⁿ-chhiú-jiáu/pháiⁿ-chhiú-niáu","An injured hand.","形容手部因為受傷而行動不便。"
"歹扭搦","pháiⁿ-liú-la̍k","Hard to please.","難搞、吹毛求疵。形容人的個性難以順服他人，很難照顧，對事物的要求多，容易找他人麻煩。"
"歹款","pháiⁿ-khoán","Bad habits (especially eating).","壞習慣。不懂禮教，多指吃東西的習慣或行為不好。"
"歹死","pháiⁿ-sí","A terrible death.","形容人很兇、很壞，有詛咒人不得好死的意思。"
"歹物","pháiⁿ-mi̍h/pháiⁿ-mn̍gh","Scrap.","報廢的東西。"
"歹症頭","pháiⁿ-chèng-thâu","An incurable disease.","頑疾、不治之症。難以痊癒的惡疾。"
"歹看","pháiⁿ-khòaⁿ","Ugly.","難看的、醜陋的。"
"歹看相","pháiⁿ-khòaⁿ-siùⁿ","An ugly or embarrassing appearance.","難看、出糗的模樣。"
"歹睏","pháiⁿ-khùn","To have difficulty sleeping.","很難入睡。"
"歹積德","pháiⁿ-chek-tek","To not do good deeds.","形容人不做善事、不積陰德。"
"歹空","pháiⁿ-khang","No profit.","無利可圖、不好的事。"
"歹育飼","pháiⁿ-io-chhī","Difficult to raise (of a child).","不容易扶養，指小孩子身體不好、多病。"
"歹腹肚","pháiⁿ-pak-tó͘","Stomachache.","拉肚子、肚子痛。通常指因為飲食不潔而引起的肚痛、胃痛問題。"
"歹話","pháiⁿ-ōe","Bad words.","壞話。毀謗或攻訐他人的言論。"
"歹路","pháiⁿ-lō͘","A bad path.","指不好的途徑、方向。"
"歹運","pháiⁿ-ūn","Bad luck.","背運、倒楣。運氣不好。"
"歹銅舊錫","pháiⁿ-tâng-kū-siah","Scrap metal.","破銅爛鐵。棄置不用的金屬器物。"
"歹食","pháiⁿ-chia̍h","Not tasty.","不好吃、很難吃。"
"歹𤆬頭","pháiⁿ-chhōa-thâu","A bad example.","壞榜樣、不好的帶頭者。"
"毋但","m̄-nā","Not only.","不只、不但。"
"毋值","m̄-ta̍t","Not worth it.","不值得。"
"毋免","m̄-bián","No need to.","不必、不用、不需要。"
"毋准","m̄-chún","Not allowed.","不允許、不答應。"
"毋好","m̄ hó","Not good.","不好、糟糕。"
"毋好勢","m̄ hó-sè","Inconvenient.","不方便、不湊巧。"
"毋情願","m̄-chêng-goān","Unwilling.","不情不願。"
"毋成","m̄-chiâⁿ","Not amount to much.","不成、算不上。"
"毋成人","m̄-chiâⁿ-lâng","A good-for-nothing.","不肖之徒。罵人不像樣。"
"毋成囝","m̄-chiâⁿ-kiáⁿ","Delinquent.","不良少年、小混混。"
"毋成樣","m̄-chiâⁿ-iūⁿ","Unseemly.","不像話、不像樣。"
"毋成物","m̄-chiâⁿ-mi̍h/m̄-chiâⁿ-mn̍gh","A trivial thing.","指微不足道或者無關緊要的事物，有時候是一種客套的用法。"
"毋成猴","m̄-chiâⁿ-kâu","Not up to snuff.","不像樣。形容人不像人，猴子不像猴子。語氣上比「毋成人」(m̄-chiâⁿ-lâng)戲謔。"
"毋才","m̄-chiah","Only then.","……才……。"
"毋拄好","m̄-tú-hó","Unfortunately.","搞不好、不湊巧。"
"毋挃","m̄-ti̍h","Don't want.","不要。"
"毋捌","m̄ bat","Never.","不曾。"
"毋敢","m̄ káⁿ","Not dare to.","不敢。心中怯懦，以致於不能付諸行動。"
"毋是","m̄ sī","Is not.","不是。"
"毋是勢","m̄-sī-sè","Something is wrong.","不對勁。"
"毋甘","m̄-kam","To be reluctant to part with.","捨不得。"
"毋甘嫌","m̄-kam hiâm","Don't mind (polite).","不嫌棄。通常是在受到稱讚後的謙虛用語。"
"毋甘願","m̄ kam-goān","Unwilling.","不甘心、不甘願。"
"毋知","m̄ chai","Don't know.","不知、不知道。"
"毋知人","m̄-chai-lâng","Unconscious.","昏迷不醒人事。"
"毋知影","m̄ chai-iáⁿ","Don't know.","不知、不知道。"
"毋知死","m̄-chai-sí","Reckless.","不知死活。指不知事情輕重或利害程度，而冒昧行事。"
"毋管","m̄-koán","No matter.","不論、無論。"
"毋著","m̄-tio̍h","Wrong.","不對。"
"毋通","m̄-thang","Should not.","不可以、不要。是一種語氣較委婉的勸說或請求。"
"毋過","m̄-koh","But.","不過、但是。"
"比並","pí-phēng","To compare.","比較。"
"比喻","pí-jū/pí-lū","Metaphor.","譬喻、比方。藉用事物的相同點，說明解釋。"
"比武","pí-bú","To compete in martial arts.","較量武藝或武藝比賽。"
"比論","pí-lūn","For example.","打比方、比如。"
"比較","pí-kàu","To compare.","取兩個以上的事物互相評比他們的高下、輕重、好壞等。"
"毛呼","mô͘-ho͘ⁿ","A type of steamed cake for offerings.","農曆七月盂蘭盆會祭鬼用的一種沒包餡料的糕點。"
"毛尾仔","mn̂g-bóe-á/mn̂g-bé-á","Pigtail.","辮子、馬尾。將頭髮束起或分股交叉編成長條狀。"
"毛毯","mô͘-thán","Woolen blanket.","用毛料製成的毯子。"
"毛病","mô͘-pēⁿ/mô͘-pīⁿ","Fault.","指人或事有不正常的現象。"
"毛管","mn̂g-kńg/mô͘-kńg","Pore.","毛孔。汗腺在皮膚表面上的細孔。"
"毛跤","mn̂g-kha","Hairline.","毛髮的邊際。"
"水井","chúi-chéⁿ/chúi-chíⁿ","Water well.","從地面往下鑿打而成，可以取水的深洞。"
"水仙","chúi-sian","Narcissus.","草本植物。全株有毒，底部的鱗莖略呈倒卵，下端有白色鬚根，冬末春初開白色花，有香味。通常生長在暖地的河邊，或栽植於庭園。"
"水土","chúi-thó͘","Natural environment.","一個地方的氣候、水質與土性等自然環境。"
"水圳","chúi-chùn","Irrigation canal.","專門用來灌溉的人工水路。"
"水庫","chúi-khò͘","Reservoir.","用來儲存大量地面水的人工或半天然建築物。具有廣大的蓄水區域，並有調節水流、灌溉、觀光、發電、飲用水等功能。"
"水拹仔","chúi-hia̍p-á","A hand-operated water pump.","用手上下搖的抽水機。"
"水晶","chúi-chiⁿ","Crystal.","透明的石英晶體，可以製成玻璃、鏡片和美術工藝材料。"
"水果","chúi-kó","Fruit.","含有漿液可以生吃的果實。"
"水梨仔","chúi-lâi-á","A type of pear.","水梨。木本植物，葉子互生，呈卵形或長橢圓形。開白花。果實呈球形，汁多，為一高級水果。"
"水槽","chúi-chô","Sink.","盛水的容器。"
"水母","chúi-bó","Jellyfish.","刺絲胞動物（腔腸動物）。體色為膠質透明，形狀像傘蓋，浮游在海上，夜間能放出燐光。大型水母又叫做「海䖳」(hái-thē)，可經人工脫水、處理後成為食材。"
"水氣","chúi-khì","Moisture.","水分、溼氣。"
"水泉","chúi-chôaⁿ","Spring (water source).","水的源頭、泉水。"
"水源頭","chúi-goân-thâu","The source of a river.","水的發源地。"
"水準","chúi-chún","Standard.","水平。標準、程度。"
"水溝","chúi-kau","Ditch.","疏通流水的溝道。"
"水災","chúi-chai","Flood.","因為雨量過多或河水氾濫所造成的災害。"
"水燈","chúi-teng","A water lantern for ghosts.","普渡的時候放在水中的燈籠，用來指引無主孤魂上岸享用祭品。"
"水牛","chúi-gû","Water buffalo.","哺乳動物。體型大，毛色灰黑，擅長耕田。原產於中國南方及印度，荷蘭統治臺灣時自閩南地區引進。"
"水珠","chúi-chu","Chickenpox.","病名。由濾過性病毒引發的急性傳染病。通常經由接觸或飛沫傳染，潛伏期約二至三週，症狀為出疱疹、發燒、全身無力、食慾不振等。流行季節約在初春，以二至六歲的幼童較易感染，病癒後具有終生免疫力。"
"水產","chúi-sán","Aquatic products.","水裡所出產的動物、植物、礦物等具有經濟價值的東西。"
"水田","chúi-chhân","Paddy field.","種植水稻的田，有蓄水保溫以保護稻苗的功用。"
"水疱","chúi-phā","Blister.","水泡。潦漿泡、潦泡。皮膚表皮因為受傷而形成的淋巴液泡。"
"水筆仔","chúi-pit-á","Kandelia (a mangrove plant).","水生植物。花白色，果實為圓椎形，成熟尚未脫離母體，種子便發芽生出細長的根，掉落泥中便成為一株小樹。多分布在熱帶和亞熱帶的河口、沼澤地，沿海地區亦有生長。"
"水管","chúi-kóng","Water pipe.","水流通的管子。"
"水紅仔色","chúi-âng-á-sek","Light red.","淺紅色，由紅和白混合成的顏色。"
"水芋仔","chúi-ō͘-á","Water hyacinth.","布袋蓮。水生植物。浮生在水面，葉子倒卵形，根垂生水中，可做鴨子的飼料。"
"水蜜桃","chúi-bi̍t-thô","A type of peach.","瓜果類。桃子的一種，多出產於臺灣東部及梨山等地。味道甜美，是高經濟收益的水果。"
"水貨","chúi-hòe/chúi-hè","Smuggled goods.","從海外以不合法的途徑所夾帶進來販售的貨物。"
"水車","chúi-chhia","A waterwheel.","利用流水的力量，帶動輪葉迴轉，用來灌溉或推動其他器具的機器裝置。"
"水道","chúi-tō","Waterway.","航道、溝渠。天然或人工的通水路線。源自日語「水道（すいどう）」。"
"水道水","chúi-tō-chúi","Tap water.","自來水。"
"水道頭","chúi-tō-thâu","Faucet.","水龍頭。控制自來水管出水的控制閥。"
"水銀","chúi-gîn/chúi-gûn","Mercury.","汞。金屬名稱。在常溫下唯一的液態金屬，顏色為銀色，可以像水一樣流動，所以叫做「水銀」。容易揮發，蒸氣有劇毒，可以作成溫度計、醫藥用品等。"
"水門","chúi-mn̂g","Sluice gate.","用以調節水位，控制水流流量的閘門。"
"水閘","chúi-cha̍h","Sluice gate.","用以調節水位，控制水流流量的閘門。"
"水電","chúi-tiān","Plumbing and electricity.","指有關水管、電線管路配線的工作。"
"水餃","chúi-kiáu","Dumpling.","餃子。以薄麵皮包餡，用水煮熟食用的傳統食品。"
"清明","chheng-bêng/chhiⁿ-miâ","Clear and Bright (solar term).","約當國曆四月四日或五日，民眾通常會在這一天掃墓。"
"白露","pe̍h-lō͘","White Dew (solar term).","約當國曆九月八日前後。"
"秋分","chhiu-hun","Autumn Equinox (solar term).","約當國曆九月二十二、二十三或二十四日，這一天南北半球的晝夜長短平均。"
"穀雨","kok-ú","Grain Rain (solar term).","約當國曆四月廿日或廿一日。此時約進入梅雨季，農事上非常需要雨水。"
"立冬","li̍p-tang","Start of Winter (solar term).","約當國曆十一月七日或八日。這一天是冬季的開始，民間常藉機進補。"
"立夏","li̍p-hē","Start of Summer (solar term).","約當國曆五月六日或七日。這一天是夏季的開始。"
"立春","li̍p-chhun","Start of Spring (solar term).","約當國曆二月四日或五日，這一天是春季的開始。"
"立秋","li̍p-chhiu","Start of Autumn (solar term).","約當國曆八月七日、八日或九日。這一天是秋季的開始。"
"芒種","bông-chéng","Grain in Ear (solar term).","約當國曆六月六日或六月七日。因為在這個時節穀物會開出芒花，所以稱為「芒種」。"
"處暑","chhù-sú","End of Heat (solar term).","約當國曆八月廿三或廿四日。時序上雖已入秋，但天氣仍十分炎熱，且仍屬颱風季節。"
"記持","kì-tî","Memory.","記憶、記性。"
"雨水","ú-súi","Rain Water (solar term).","約當國曆二月十九或二十日。從這天開始，氣溫開始回暖，空氣中溼度也提高，下雨的機率自然也就大大地增加。"
"霜降","sng-kàng","Frost's Descent (solar term).","約當國曆十月二十三或二十四日。"
"驚蟄","keⁿ-ti̍t","Awakening of Insects (solar term).","約當國曆三月五日或六日。乃春雷響，驚動冬眠動物的時候。"
"台灣","Tâi-oân","Taiwan","臺灣本島，文化與地理身份"
"台灣人","Tâi-oân-lâng","Taiwanese person","臺灣居民，具文化或政治認同"
"台語","Tâi-gí","Taiwanese language","臺語"
"台灣話","Tâi-oân-ōe","Taiwanese speech","台灣話，一般指台語。"
"藏水艦","chhàng-chúi-lām","Submarine","潛水艇，現代軍事裝備"
"玉山","Gio̍k-san","Jade Mountain","臺灣最高峰，海拔3952公尺"
"濁水溪","Lô-chúi-khe","Lochui River","臺灣最長的河流"
"淡水河","Tām-suí-hô","Tamsui River","流經臺北的重要河川，歷史貿易路線"
"那…那…","ná...ná...","while… (at the same time)….",""
"白話字","Pe̍h-ōe-jī","Taiwanese Vernacular Script","白話字"
"gâu早","gâu chá","Good morning","早安"
"食飽未","chia̍h-pá-bē/chia̍h-pá--bōe","How are you?","你好嗎？(通常不是真的問吃飽了沒)"
"缷世缷衆","sià-sì-sià-chèng","disgraceful","卸世卸眾"